{"0": {"cid": "CID000002173", "db": null, "smiles": "CC1(C(N2C(S1)C(C2=O)NC(=O)C(C3=CC=CC=C3)N)C(=O)[O-])C"}, "1": {"cid": "CID000003345", "db": "DB00813", "smiles": "CCC(=O)N(C1CCN(CC1)CCC2=CC=CC=C2)C3=CC=CC=C3"}, "2": {"cid": "CID000005206", "db": "DB01236", "smiles": "C(OC(C(F)(F)F)C(F)(F)F)F"}, "3": {"cid": "CID000009433", "db": "DB01223", "smiles": "CN1C2=C(C(=O)N(C1=O)C)NC=N2.CN1C2=C(C(=O)N(C1=O)C)NC=N2.C(CN)N"}, "4": {"cid": "CID000001302", "db": null, "smiles": "CC(C1=CC2=C(C=C1)C=C(C=C2)OC)C(=O)O"}, "5": {"cid": "CID000005064", "db": null, "smiles": "C1=NC(=NN1C2C(C(C(O2)CO)O)O)C(=O)N"}, "6": {"cid": "CID000005267", "db": null, "smiles": "CC(=O)SC1CC2=CC(=O)CCC2(C3C1C4CCC5(C4(CC3)C)CCC(=O)O5)C"}, "7": {"cid": "CID000010631", "db": null, "smiles": "C[C@H]1C[C@@H]2[C@H](CC[C@]3([C@H]2CC[C@@]3(C(=O)C)O)C)[C@@]4(C1=CC(=O)CC4)C"}, "8": {"cid": "CID000004601", "db": "DB01173", "smiles": "CC1=CC=CC=C1C(C2=CC=CC=C2)OCCN(C)C"}, "9": {"cid": "CID000005376", "db": null, "smiles": "CCC(=C(C1=CC=CC=C1)C2=CC=C(C=C2)OCCN(C)C)C3=CC=CC=C3"}, "10": {"cid": "CID000005090", "db": "DB00533", "smiles": "CS(=O)(=O)C1=CC=C(C=C1)C2=C(C(=O)OC2)C3=CC=CC=C3"}, "11": {"cid": "CID000005556", "db": "DB00897", "smiles": "CC1=NN=C2N1C3=C(C=C(C=C3)Cl)C(=NC2)C4=CC=CC=C4Cl"}, "12": {"cid": "CID000004946", "db": "DB00571", "smiles": "CC(C)NCC(COC1=CC=CC2=CC=CC=C21)O"}, "13": {"cid": "CID000130881", "db": null, "smiles": "CCCC1=NC(=C(N1CC2=CC=C(C=C2)C3=CC=CC=C3C4=NNN=N4)C(=O)OCC5=C(OC(=O)O5)C)C(C)(C)O"}, "14": {"cid": "CID000005391", "db": "DB00231", "smiles": "CN1C2=C(C=C(C=C2)Cl)C(=NC(C1=O)O)C3=CC=CC=C3"}, "15": {"cid": "CID000005584", "db": "DB00726", "smiles": "CC(CN1C2=CC=CC=C2CCC3=CC=CC=C31)CN(C)C"}, "16": {"cid": "CID000004212", "db": "DB01204", "smiles": "C1=CC(=C2C(=C1NCCNCCO)C(=O)C3=C(C=CC(=C3C2=O)O)O)NCCNCCO"}, "17": {"cid": "CID000060953", "db": "DB01101", "smiles": "CCCCCOC(=O)NC1=NC(=O)N(C=C1F)[C@H]2[C@@H]([C@@H]([C@H](O2)C)O)O"}, "18": {"cid": "CID000003446", "db": "DB00996", "smiles": "C1CCC(CC1)(CC(=O)O)CN"}, "19": {"cid": "CID004183806", "db": null, "smiles": "CCCCC(C)(CC=CC1C(CC(=O)C1CCCCCCC(=O)OC)O)O"}, "20": {"cid": "CID000004107", "db": "DB00423", "smiles": "COC1=CC=CC=C1OCC(COC(=O)N)O"}, "21": {"cid": "CID000004917", "db": "DB00433", "smiles": "CN1CCN(CC1)CCCN2C3=CC=CC=C3SC4=C2C=C(C=C4)Cl"}, "22": {"cid": "CID000003823", "db": "DB01026", "smiles": "CC(=O)N1CCN(CC1)C2=CC=C(C=C2)OCC3COC(O3)(CN4C=CN=C4)C5=C(C=C(C=C5)Cl)Cl"}, "23": {"cid": "CID000003911", "db": null, "smiles": "CCNC(=O)C1CCCN1C(=O)C(CCCN=C(N)N)NC(=O)C(CC(C)C)NC(=O)C(CC(C)C)NC(=O)C(CC2=CC=C(C=C2)O)NC(=O)C(CO)NC(=O)C(CC3=CNC4=CC=CC=C43)NC(=O)C(CC5=CN=CN5)NC(=O)C6CCC(=O)N6"}, "24": {"cid": "CID000054454", "db": "DB00641", "smiles": "CCC(C)(C)C(=O)O[C@H]1C[C@H](C=C2[C@H]1[C@H]([C@H](C=C2)C)CC[C@@H]3C[C@H](CC(=O)O3)O)C"}, "25": {"cid": "CID000002156", "db": null, "smiles": "CCCCC1=C(C2=CC=CC=C2O1)C(=O)C3=CC(=C(C(=C3)I)OCC[NH+](CC)CC)I"}, "26": {"cid": "CID000004411", "db": null, "smiles": "CC(C)(C)NCC(COC1=CC=CC2=C1CC(C(C2)O)O)O"}, "27": {"cid": "CID000002907", "db": "DB00531", "smiles": "C1CNP(=O)(OC1)N(CCCl)CCCl"}, "28": {"cid": "CID000003348", "db": "DB00950", "smiles": "CC(C)(C1=CC=C(C=C1)C(CCCN2CCC(CC2)C(C3=CC=CC=C3)(C4=CC=CC=C4)O)O)C(=O)O"}, "29": {"cid": "CID000000838", "db": null, "smiles": "CNCC(C1=CC(=C(C=C1)O)O)O"}, "30": {"cid": "CID000002617", "db": null, "smiles": "CC1=NN=C(S1)SCC2=C(N3C(C(C3=O)NC(=O)CN4C=NN=N4)SC2)C(=O)[O-]"}, "31": {"cid": "CID000003937", "db": null, "smiles": "C1CC(N(C1)C(=O)C(CCCCN)NC(CCC2=CC=CC=C2)C(=O)O)C(=O)O"}, "32": {"cid": "CID005311048", "db": null, "smiles": "C(N)(N)(Cl)Cl"}, "33": {"cid": "CID000004158", "db": "DB00422", "smiles": "COC(=O)C(C1CCCCN1)C2=CC=CC=C2"}, "34": {"cid": "CID000005523", "db": null, "smiles": "CN(C)CC1CCCCC1(C2=CC(=CC=C2)OC)O"}, "35": {"cid": "CID000003696", "db": "DB00458", "smiles": "CN(C)CCCN1C2=CC=CC=C2CCC3=CC=CC=C31"}, "36": {"cid": "CID000004112", "db": null, "smiles": "CN(CC1=CN=C2C(=N1)C(=NC(=N2)N)N)C3=CC=C(C=C3)C(=O)NC(CCC(=O)O)C(=O)O"}, "37": {"cid": "CID000000853", "db": null, "smiles": "C1=C(C=C(C(=C1I)OC2=CC(=C(C(=C2)I)O)I)I)CC(C(=O)O)N"}, "38": {"cid": "CID005311181", "db": "DB01088", "smiles": "CC#CCC(C)[C@@H](/C=C/[C@H]1[C@@H](C[C@H]2[C@@H]1C/C(=C/CCCC(=O)O)/C2)O)O"}, "39": {"cid": "CID000032797", "db": null, "smiles": "CC1CC2C3CCC4=CC(=O)C=CC4([C@]3(C(CC2([C@]1(C(=O)CCl)O)C)O)F)C"}, "40": {"cid": "CID000003143", "db": null, "smiles": "CC1=C2C(C(=O)C3(C(CC4C(C3C(C(C2(C)C)(CC1OC(=O)C(C(C5=CC=CC=C5)NC(=O)OC(C)(C)C)O)O)OC(=O)C6=CC=CC=C6)(CO4)OC(=O)C)O)C)O"}, "41": {"cid": "CID000004736", "db": null, "smiles": "CC1C2CC3=C(C1(CCN2CC=C(C)C)C)C=C(C=C3)O"}, "42": {"cid": "CID000005038", "db": null, "smiles": "CCOC(=O)C(CCC1=CC=CC=C1)NC(C)C(=O)N2C3CCCC3CC2C(=O)O"}, "43": {"cid": "CID000003261", "db": "DB01215", "smiles": "C1C2=NN=CN2C3=C(C=C(C=C3)Cl)C(=N1)C4=CC=CC=C4"}, "44": {"cid": "CID000003746", "db": null, "smiles": "CC(C)[N+]1(C2CCC1CC(C2)OC(=O)C(CO)C3=CC=CC=C3)C"}, "45": {"cid": "CID000028112", "db": null, "smiles": "[Li+].[AlH4-]"}, "46": {"cid": "CID000002162", "db": "DB00381", "smiles": "CCOC(=O)C1=C(NC(=C(C1C2=CC=CC=C2Cl)C(=O)OC)C)COCCN"}, "47": {"cid": "CID000003386", "db": "DB00472", "smiles": "CNCCC(C1=CC=CC=C1)OC2=CC=C(C=C2)C(F)(F)F"}, "48": {"cid": "CID000004259", "db": null, "smiles": "COC1=C2C(=CC(=C1N3CC4CCCNC4C3)F)C(=O)C(=CN2C5CC5)C(=O)O"}, "49": {"cid": "CID000119607", "db": "DB00580", "smiles": "CC1=C(C(=NO1)C2=CC=CC=C2)C3=CC=C(C=C3)S(=O)(=O)N"}, "50": {"cid": "CID000004192", "db": "DB00683", "smiles": "CC1=NC=C2N1C3=C(C=C(C=C3)Cl)C(=NC2)C4=CC=CC=C4F"}, "51": {"cid": "CID000087177", "db": null, "smiles": "C([C@@H]1[C@H]([C@@H]([C@H]([C@H](O1)O[C@H]([C@@H](CO)O)[C@@H](C(=O)CO)O)O)O)O)O"}, "52": {"cid": "CID000003957", "db": "DB00455", "smiles": "CCOC(=O)N1CCC(=C2C3=C(CCC4=C2N=CC=C4)C=C(C=C3)Cl)CC1"}, "53": {"cid": "CID000004509", "db": null, "smiles": "C1C(=O)NC(=O)N1N=CC2=CC=C(O2)[N+](=O)[O-]"}, "54": {"cid": "CID000004595", "db": "DB00904", "smiles": "CC1=NC=CN1CC2CCC3=C(C2=O)C4=CC=CC=C4N3C"}, "55": {"cid": "CID000104865", "db": "DB00559", "smiles": "CC(C)(C)C1=CC=C(C=C1)S(=O)(=O)NC2=C(C(=NC(=N2)C3=NC=CC=N3)OCCO)OC4=CC=CC=C4OC"}, "56": {"cid": "CID000003007", "db": "DB00182", "smiles": "CC(CC1=CC=CC=C1)N"}, "57": {"cid": "CID000003559", "db": "DB00502", "smiles": "C1CN(CCC1(C2=CC=C(C=C2)Cl)O)CCCC(=O)C3=CC=C(C=C3)F"}, "58": {"cid": "CID000060795", "db": "DB01238", "smiles": "C1CC(=O)NC2=C1C=CC(=C2)OCCCCN3CCN(CC3)C4=C(C(=CC=C4)Cl)Cl"}, "59": {"cid": "CID000004909", "db": "DB00794", "smiles": "CCC1(C(=O)NCNC1=O)C2=CC=CC=C2"}, "60": {"cid": "CID000060831", "db": null, "smiles": "C[N+]1(C2CC(CC1C3C2O3)OC(=O)C(C4=CC=CS4)(C5=CC=CS5)O)C"}, "61": {"cid": "CID000002520", "db": "DB00661", "smiles": "CC(C)C(CCCN(C)CCC1=CC(=C(C=C1)OC)OC)(C#N)C2=CC(=C(C=C2)OC)OC"}, "62": {"cid": "CID000060852", "db": "DB00710", "smiles": "CCCCCN(C)CCC(O)(P(=O)(O)O)P(=O)(O)O"}, "63": {"cid": "CID000004889", "db": null, "smiles": "CCC(C)C(=O)OC1CC(C=C2C1C(C(C=C2)C)CCC(CC(CC(=O)O)O)O)O"}, "64": {"cid": "CID000005505", "db": "DB01124", "smiles": "CCCCNC(=O)NS(=O)(=O)C1=CC=C(C=C1)C"}, "65": {"cid": "CID000004485", "db": "DB01115", "smiles": "CC1=C(C(C(=C(N1)C)C(=O)OC)C2=CC=CC=C2[N+](=O)[O-])C(=O)OC"}, "66": {"cid": "CID000004539", "db": "DB01059", "smiles": "CCN1C=C(C(=O)C2=CC(=C(C=C21)N3CCNCC3)F)C(=O)O"}, "67": {"cid": "CID000005245", "db": "DB00884", "smiles": "C1=CC(=CN=C1)CC(O)(P(=O)(O)O)P(=O)(O)O"}, "68": {"cid": "CID000176870", "db": "DB00530", "smiles": "COCCOC1=C(C=C2C(=C1)C(=NC=N2)NC3=CC=CC(=C3)C#C)OCCOC"}, "69": {"cid": "CID000000596", "db": null, "smiles": "C1=CN(C(=O)N=C1N)C2C(C(C(O2)CO)O)O"}, "70": {"cid": "CID000667490", "db": "DB01033", "smiles": "C1=NC2=C(N1)C(=S)N=CN2"}, "71": {"cid": "CID000004635", "db": null, "smiles": "CN1CCC23C4C(=O)CCC2(C1CC5=C3C(=C(C=C5)OC)O4)O"}, "72": {"cid": "CID000065999", "db": "DB00966", "smiles": "CCCC1=NC2=C(N1CC3=CC=C(C=C3)C4=CC=CC=C4C(=O)O)C=C(C=C2C)C5=NC6=CC=CC=C6N5C"}, "73": {"cid": "CID000005656", "db": "DB00285", "smiles": "CN(C)CC(C1=CC=C(C=C1)OC)C2(CCCCC2)O"}, "74": {"cid": "CID000005650", "db": null, "smiles": "CCCCC(=O)N(CC1=CC=C(C=C1)C2=CC=CC=C2C3=NNN=N3)C(C(C)C)C(=O)O"}, "75": {"cid": "CID000004510", "db": "DB00727", "smiles": "C(C(CO[N+](=O)[O-])O[N+](=O)[O-])O[N+](=O)[O-]"}, "76": {"cid": "CID000002650", "db": null, "smiles": "CC(C)(C(=O)O)ON=C(C1=CSC(=N1)N)C(=O)NC2C3N(C2=O)C(=C(CS3)C[N+]4=CC=CC=C4)C(=O)[O-]"}, "77": {"cid": "CID000003222", "db": null, "smiles": "CCOC(=O)C(CCC1=CC=CC=C1)NC(C)C(=O)N2CCCC2C(=O)O"}, "78": {"cid": "CID000003749", "db": "DB01029", "smiles": "CCCCC1=NC2(CCCC2)C(=O)N1CC3=CC=C(C=C3)C4=CC=CC=C4C5=NNN=N5"}, "79": {"cid": "CID000004201", "db": "DB00350", "smiles": "C1CCN(CC1)C2=NC(=N)N(C(=C2)N)O"}, "80": {"cid": "CID000003440", "db": "DB00695", "smiles": "C1=COC(=C1)CNC2=CC(=C(C=C2C(=O)O)S(=O)(=O)N)Cl"}, "81": {"cid": "CID005481350", "db": "DB00300", "smiles": "C[C@H](CN1C=NC2=C(N=CN=C21)N)OCP(=O)(OCOC(=O)OC(C)C)OCOC(=O)OC(C)C"}, "82": {"cid": "CID000002909", "db": null, "smiles": "CCC1C(=O)N(CC(=O)N(C(C(=O)NC(C(=O)N(C(C(=O)NC(C(=O)NC(C(=O)N(C(C(=O)N(C(C(=O)N(C(C(=O)N(C(C(=O)N1)C(C(C)CC=CC)O)C)C(C)C)C)CC(C)C)C)CC(C)C)C)C)C)CC(C)C)C)C(C)C)CC(C)C)C)C"}, "83": {"cid": "CID000057469", "db": "DB00724", "smiles": "CC(C)CN1C=NC2=C1C3=CC=CC=C3N=C2N"}, "84": {"cid": "CID000003075", "db": null, "smiles": "CC(=O)OC1C(SC2=CC=CC=C2N(C1=O)CC[NH+](C)C)C3=CC=C(C=C3)OC"}, "85": {"cid": "CID000027661", "db": "DB01020", "smiles": "C1[C@@H]([C@@H]2[C@H](O1)[C@@H](CO2)O[N+](=O)[O-])O"}, "86": {"cid": "CID000000271", "db": "DB14577", "smiles": "[Ca+2]"}, "87": {"cid": "CID000002405", "db": "DB00612", "smiles": "CC(C)NCC(COC1=CC=C(C=C1)COCCOC(C)C)O"}, "88": {"cid": "CID000003016", "db": "DB00829", "smiles": "CN1C(=O)CN=C(C2=C1C=CC(=C2)Cl)C3=CC=CC=C3"}, "89": {"cid": "CID000004189", "db": "DB01110", "smiles": "C1=CC(=C(C=C1Cl)Cl)COC(CN2C=CN=C2)C3=C(C=C(C=C3)Cl)Cl"}, "90": {"cid": "CID000003750", "db": null, "smiles": "CCC1=C2CN3C(=CC4=C(C3=O)COC(=O)C4(CC)O)C2=NC5=C1C=C(C=C5)OC(=O)N6CCC(CC6)N7CCCCC7"}, "91": {"cid": "CID000004666", "db": null, "smiles": "CC1=C2C(C(=O)C3(C(CC4C(C3C(C(C2(C)C)(CC1OC(=O)C(C(C5=CC=CC=C5)NC(=O)C6=CC=CC=C6)O)O)OC(=O)C7=CC=CC=C7)(CO4)OC(=O)C)O)C)OC(=O)C"}, "92": {"cid": "CID000004173", "db": "DB00916", "smiles": "CC1=NC=C(N1CCO)[N+](=O)[O-]"}, "93": {"cid": "CID000005538", "db": null, "smiles": "CC1=C(C(CCC1)(C)C)C=CC(=CC=CC(=CC(=O)O)C)C"}, "94": {"cid": "CID000004159", "db": null, "smiles": "CC1CC2C3CCC(C3(CC(C2C4(C1=CC(=O)C=C4)C)O)C)(C(=O)CO)O"}, "95": {"cid": "CID005311297", "db": null, "smiles": "CC(C)(C1=CC=CC=C1CC[C@H](C2=CC=CC(=C2)/C=C/C3=NC4=C(C=CC(=C4)Cl)C=C3)S)O"}, "96": {"cid": "CID000001065", "db": null, "smiles": "COC1=CC2=C(C=CN=C2C=C1)C(C3CC4CCN3CC4C=C)O"}, "97": {"cid": "CID000002541", "db": "DB13919", "smiles": "CCOC1=NC2=CC=CC(=C2N1CC3=CC=C(C=C3)C4=CC=CC=C4C5=NNN=N5)C(=O)O"}, "98": {"cid": "CID000002585", "db": "DB01136", "smiles": "COC1=CC=CC=C1OCCNCC(COC2=CC=CC3=C2C4=CC=CC=C4N3)O"}, "99": {"cid": "CID000004543", "db": "DB00540", "smiles": "CNCCC=C1C2=CC=CC=C2CCC3=CC=CC=C31"}, "100": {"cid": "CID000004599", "db": null, "smiles": "CCCCCCCCCCCC(CC1C(C(=O)O1)CCCCCC)OC(=O)C(CC(C)C)NC=O"}, "101": {"cid": "CID000019090", "db": null, "smiles": "CC1=C[C@@H]2[C@H](CC[C@]3([C@H]2CC[C@@]3(C(=O)C)O)C)[C@@]4(C1=CC(=O)CC4)C"}, "102": {"cid": "CID000003640", "db": null, "smiles": "CC12CCC(=O)C=C1CCC3C2C(CC4(C3CCC4(C(=O)CO)O)C)O"}, "103": {"cid": "CID000005512", "db": null, "smiles": "CC1=CC(=C(C=C1)O)C(CCN(C(C)C)C(C)C)C2=CC=CC=C2"}, "104": {"cid": "CID000002576", "db": "DB00395", "smiles": "CCCC(C)(COC(=O)N)COC(=O)NC(C)C"}, "105": {"cid": "CID000005533", "db": "DB00656", "smiles": "C1CN(CCN1CCCN2C(=O)N3C=CC=CC3=N2)C4=CC(=CC=C4)Cl"}, "106": {"cid": "CID000077999", "db": "DB00412", "smiles": "CN(CCOC1=CC=C(C=C1)CC2C(=O)NC(=O)S2)C3=CC=CC=N3"}, "107": {"cid": "CID000000206", "db": null, "smiles": "C(C1C(C(C(C(O1)O)O)O)O)O"}, "108": {"cid": "CID000000450", "db": null, "smiles": "CC12CCC3C(C1CCC2O)CCC4=C3C=CC(=C4)O"}, "109": {"cid": "CID000002678", "db": "DB00341", "smiles": "C1CN(CCN1CCOCC(=O)O)C(C2=CC=CC=C2)C3=CC=C(C=C3)Cl"}, "110": {"cid": "CID000002756", "db": "DB00501", "smiles": "CC1=C(N=CN1)CSCCNC(=NC)NC#N"}, "111": {"cid": "CID000002802", "db": "DB01068", "smiles": "C1C(=O)NC2=C(C=C(C=C2)[N+](=O)[O-])C(=N1)C3=CC=CC=C3Cl"}, "112": {"cid": "CID000002803", "db": "DB00575", "smiles": "C1CN=C(N1)NC2=C(C=CC=C2Cl)Cl"}, "113": {"cid": "CID000005672", "db": null, "smiles": "CCC1=CC2CC(C3=C(CN(C2)C1)C4=CC=CC=C4N3)(C5=C(C=C6C(=C5)C78CCN9C7C(C=CC9)(C(C(C8N6C)(C(=O)OC)O)OC(=O)C)CC)OC)C(=O)OC"}, "114": {"cid": "CID000060835", "db": "DB00476", "smiles": "CNCC[C@@H](C1=CC=CS1)OC2=CC=CC3=CC=CC=C32"}, "115": {"cid": "CID000003890", "db": null, "smiles": "CC(C)OC(=O)CCCC=CCC1C(CC(C1CCC(CCC2=CC=CC=C2)O)O)O"}, "116": {"cid": "CID004475485", "db": null, "smiles": "CC(C)C1=NC(=NC(=C1CCC(CC(CC(=O)O)O)O)C2=CC=C(C=C2)F)N(C)S(=O)(=O)C"}, "117": {"cid": "CID000002088", "db": "DB00630", "smiles": "C(CC(O)(P(=O)(O)O)P(=O)(O)O)CN"}, "118": {"cid": "CID000156419", "db": "DB01012", "smiles": "C[C@H](C1=CC=CC2=CC=CC=C21)NCCCC3=CC(=CC=C3)C(F)(F)F"}, "119": {"cid": "CID000004034", "db": "DB00737", "smiles": "CC1=CC(=CC=C1)CN2CCN(CC2)C(C3=CC=CC=C3)C4=CC=C(C=C4)Cl"}, "120": {"cid": "CID000004451", "db": null, "smiles": "CC1=C(C=CC=C1O)C(=O)NC(CSC2=CC=CC=C2)C(CN3CC4CCCCC4CC3C(=O)NC(C)(C)C)O"}, "121": {"cid": "CID005493444", "db": "DB09026", "smiles": "CC(C)[C@@H](CC1=CC(=C(C=C1)OC)OCCCOC)C[C@@H]([C@H](C[C@@H](C(C)C)C(=O)NCC(C)(C)C(=O)N)O)N"}, "122": {"cid": "CID000005358", "db": "DB00669", "smiles": "CNS(=O)(=O)CC1=CC2=C(C=C1)NC=C2CCN(C)C"}, "123": {"cid": "CID000004894", "db": null, "smiles": "CC12CC(C3C(C1CCC2(C(=O)CO)O)CCC4=CC(=O)C=CC34C)O"}, "124": {"cid": "CID000002118", "db": "DB00404", "smiles": "CC1=NN=C2N1C3=C(C=C(C=C3)Cl)C(=NC2)C4=CC=CC=C4"}, "125": {"cid": "CID000003715", "db": "DB00328", "smiles": "CC1=C(C2=C(N1C(=O)C3=CC=C(C=C3)Cl)C=CC(=C2)OC)CC(=O)O"}, "126": {"cid": "CID000002487", "db": null, "smiles": "C1CCC2(C3CC4=C(C2(C1)CCN3CC5CCC5)C=C(C=C4)O)O"}, "127": {"cid": "CID000005530", "db": "DB00752", "smiles": "C1C(C1N)C2=CC=CC=C2"}, "128": {"cid": "CID000003152", "db": "DB00843", "smiles": "COC1=C(C=C2C(=C1)CC(C2=O)CC3CCN(CC3)CC4=CC=CC=C4)OC"}, "129": {"cid": "CID000003157", "db": "DB00590", "smiles": "COC1=C(C=C2C(=C1)C(=NC(=N2)N3CCN(CC3)C(=O)C4COC5=CC=CC=C5O4)N)OC"}, "130": {"cid": "CID000003154", "db": null, "smiles": "CCNC1CC(S(=O)(=O)C2=C1C=C(S2)S(=O)(=O)N)C"}, "131": {"cid": "CID000000214", "db": null, "smiles": "CCCCCC(C=CC1C(CC(=O)C1CCCCCCC(=O)O)O)O"}, "132": {"cid": "CID000003003", "db": null, "smiles": "CC1CC2C3CCC4=CC(=O)C=CC4(C3(C(CC2(C1(C(=O)CO)O)C)O)F)C"}, "133": {"cid": "CID000003158", "db": null, "smiles": "CN(C)CCC=C1C2=CC=CC=C2COC3=CC=CC=C31"}, "134": {"cid": "CID000003333", "db": "DB01023", "smiles": "CCOC(=O)C1=C(NC(=C(C1C2=C(C(=CC=C2)Cl)Cl)C(=O)OC)C)C"}, "135": {"cid": "CID000002666", "db": null, "smiles": "CC1=C(N2C(C(C2=O)NC(=O)C(C3=CC=CC=C3)N)SC1)C(=O)O"}, "136": {"cid": "CID006398970", "db": null, "smiles": "C=CC1=C(N2[C@@H]([C@@H](C2=O)NC(=O)C(=NO)C3=CSC(=N3)N)SC1)C(=O)O"}, "137": {"cid": "CID000003648", "db": null, "smiles": "CN1CCC23C4C1CC5=C2C(=C(C=C5)O)OC3C(=O)CC4"}, "138": {"cid": "CID000000772", "db": null, "smiles": "CC(=O)NC1C(C(C(OC1O)COS(=O)(=O)O)OC2C(C(C(C(O2)C(=O)O)OC3C(C(C(C(O3)CO)OC4C(C(C(C(O4)C(=O)O)O)O)OS(=O)(=O)O)OS(=O)(=O)O)NS(=O)(=O)O)O)OS(=O)(=O)O)O"}, "139": {"cid": "CID003081884", "db": null, "smiles": "C[C@@H](C(=O)O)N.CC(=O)O.C1=CC(=CC=C1C[C@@H](C(=O)O)N)O.C(CCN)C[C@@H](C(=O)O)N.C(CC(=O)O)[C@@H](C(=O)O)N"}, "140": {"cid": "CID000005544", "db": null, "smiles": "CC12CC(C3(C(C1CC(C2(C(=O)CO)O)O)CCC4=CC(=O)C=CC43C)F)O"}, "141": {"cid": "CID000003365", "db": "DB00196", "smiles": "C1=CC(=C(C=C1F)F)C(CN2C=NC=N2)(CN3C=NC=N3)O"}, "142": {"cid": "CID000060147", "db": null, "smiles": "CCOC1=CC=CC=C1OCCN[C@@H](C)CC2=CC(=C(C=C2)OC)S(=O)(=O)N"}, "143": {"cid": "CID000002609", "db": null, "smiles": "C1C(=C(N2C(S1)C(C2=O)NC(=O)C(C3=CC=CC=C3)N)C(=O)O)Cl"}, "144": {"cid": "CID000004594", "db": "DB00338", "smiles": "CC1=CN=C(C(=C1OC)C)CS(=O)C2=NC3=C(N2)C=C(C=C3)OC"}, "145": {"cid": "CID000004920", "db": null, "smiles": "CC(=O)C1CCC2C1(CCC3C2CCC4=CC(=O)CCC34C)C"}, "146": {"cid": "CID000002656", "db": null, "smiles": "CN1C(=NC(=O)C(=N1)[O-])SCC2=C(N3C(C(C3=O)NC(=O)C(=NOC)C4=CSC(=N4)N)SC2)C(=O)[O-]"}, "147": {"cid": "CID000002662", "db": "DB00482", "smiles": "CC1=CC=C(C=C1)C2=CC(=NN2C3=CC=C(C=C3)S(=O)(=O)N)C(F)(F)F"}, "148": {"cid": "CID000003661", "db": null, "smiles": "CN1C2CCC1CC(C2)OC(=O)C(CO)C3=CC=CC=C3"}, "149": {"cid": "CID000004419", "db": null, "smiles": "C1CC(C1)CN2CCC34C5C(CCC3(C2CC6=C4C(=C(C=C6)O)O5)O)O"}, "150": {"cid": "CID000004679", "db": "DB00213", "smiles": "COC1=C(C(=NC=C1)CS(=O)C2=NC3=C(N2)C=C(C=C3)OC(F)F)OC"}, "151": {"cid": "CID000003308", "db": "DB00749", "smiles": "CCC1=C2C(=CC=C1)C3=C(N2)C(OCC3)(CC)CC(=O)O"}, "152": {"cid": "CID000005210", "db": "DB01105", "smiles": "CC(C)CC(C1(CCC1)C2=CC=C(C=C2)Cl)N(C)C"}, "153": {"cid": "CID000124087", "db": "DB00967", "smiles": "C1CC2=C(C=CC(=C2)Cl)C(=C3CCNCC3)C4=C1C=CC=N4"}, "154": {"cid": "CID000003516", "db": "DB00874", "smiles": "COC1=CC=CC=C1OCC(CO)O"}, "155": {"cid": "CID000003510", "db": null, "smiles": "CN1C2CCCC1CC(C2)NC(=O)C3=NN(C4=CC=CC=C43)C"}, "156": {"cid": "CID000003404", "db": null, "smiles": "COCCCCC(=NOCCN)C1=CC=C(C=C1)C(F)(F)F"}, "157": {"cid": "CID000004900", "db": null, "smiles": "CC12CC(=O)C3C(C1CCC2(C(=O)CO)O)CCC4=CC(=O)C=CC34C"}, "158": {"cid": "CID000004054", "db": "DB01043", "smiles": "CC12CC3CC(C1)(CC(C3)(C2)N)C"}, "159": {"cid": "CID000005039", "db": "DB00863", "smiles": "CNC(=C[N+](=O)[O-])NCCSCC1=CC=C(O1)CN(C)C"}, "160": {"cid": "CID000003062", "db": null, "smiles": "CC1C(C(CC(O1)OC2C(OC(CC2O)OC3C(OC(CC3O)OC4CCC5(C(C4)CCC6C5CC(C7(C6(CCC7C8=CC(=O)OC8)O)C)O)C)C)C)O)O"}, "161": {"cid": "CID000003255", "db": null, "smiles": "CCC1C(C(C(C(=O)C(CC(C(C(C(C(C(=O)O1)C)OC2CC(C(C(O2)C)O)(C)OC)C)OC3C(C(CC(O3)C)N(C)C)O)(C)O)C)C)O)(C)O"}, "162": {"cid": "CID000005077", "db": null, "smiles": "CCN(C)C(=O)OC1=CC=CC(=C1)C(C)N(C)C"}, "163": {"cid": "CID000005095", "db": "DB00268", "smiles": "CCCN(CCC)CCC1=C2CC(=O)NC2=CC=C1"}, "164": {"cid": "CID000004058", "db": "DB00454", "smiles": "CCOC(=O)C1(CCN(CC1)C)C2=CC=CC=C2"}, "165": {"cid": "CID000002244", "db": "DB00945", "smiles": "CC(=O)OC1=CC=CC=C1C(=O)O"}, "166": {"cid": "CID000054374", "db": null, "smiles": "C[C@H]([C@@H](CO)NC(=O)C1CSSCC(C(=O)NC(C(=O)NC(C(=O)NC(C(=O)NC(C(=O)N1)C(C)O)CCCCN)CC2=CNC3=CC=CC=C32)CC4=CC=CC=C4)NC(=O)C(CC5=CC=CC=C5)N)O"}, "167": {"cid": "CID000002771", "db": "DB00215", "smiles": "CN(C)CCCC1(C2=C(CO1)C=C(C=C2)C#N)C3=CC=C(C=C3)F"}, "168": {"cid": "CID000005735", "db": "DB01198", "smiles": "CN1CCN(CC1)C(=O)OC2C3=NC=CN=C3C(=O)N2C4=NC=C(C=C4)Cl"}, "169": {"cid": "CID004659568", "db": null, "smiles": "CCN(CC)C(=O)C(=CC1=CC(=C(C(=C1)O)O)[N+](=O)[O-])C#N"}, "170": {"cid": "CID000005732", "db": "DB00425", "smiles": "CC1=CC=C(C=C1)C2=C(N3C=C(C=CC3=N2)C)CC(=O)N(C)C"}, "171": {"cid": "CID000062924", "db": null, "smiles": "C[C@@H]1C[C@H]2C3C[C@@H](C4=CC(=O)C=C[C@@]4([C@]3([C@H](C[C@@]2([C@]1(C(=O)SCF)O)C)O)F)C)F"}, "172": {"cid": "CID000003419", "db": null, "smiles": "CCC(=O)OC(C(C)C)OP(=O)(CCCCC1=CC=CC=C1)CC(=O)N2CC(CC2C(=O)[O-])C3CCCCC3"}, "173": {"cid": "CID000003878", "db": "DB00555", "smiles": "C1=CC(=C(C(=C1)Cl)Cl)C2=C(N=C(N=N2)N)N"}, "174": {"cid": "CID000005726", "db": null, "smiles": "CC1=CN(C(=O)NC1=O)C2CC(C(O2)CO)N=[N+]=[N-]"}, "175": {"cid": "CID000002806", "db": null, "smiles": "COC(=O)C(C1=CC=CC=C1Cl)N2CCC3=C(C2)C=CS3"}, "176": {"cid": "CID000003826", "db": "DB00465", "smiles": "C1CN2C(=CC=C2C(=O)C3=CC=CC=C3)C1C(=O)O"}, "177": {"cid": "CID000005379", "db": "DB01044", "smiles": "CC1CN(CCN1)C2=C(C=C3C(=C2OC)N(C=C(C3=O)C(=O)O)C4CC4)F"}, "178": {"cid": "CID000054688", "db": null, "smiles": "CC[C@@H]1[C@@]([C@@H]([C@H](C(=O)[C@@H](C[C@@]([C@@H]([C@H]([C@@H]([C@H](C(=O)O1)C)OC2CC(C(C(O2)C)O)(C)OC)C)OC3C(C(CC(O3)C)N(C)C)O)(C)OC)C)C)O)(C)O"}, "179": {"cid": "CID000004463", "db": "DB00238", "smiles": "CC1=C2C(=NC=C1)N(C3=C(C=CC=N3)C(=O)N2)C4CC4"}, "180": {"cid": "CID000003793", "db": null, "smiles": "CCC(C)N1C(=O)N(C=N1)C2=CC=C(C=C2)N3CCN(CC3)C4=CC=C(C=C4)OCC5COC(O5)(CN6C=NC=N6)C7=C(C=C(C=C7)Cl)Cl"}, "181": {"cid": "CID000005487", "db": "DB00697", "smiles": "C1CN=C(N1)NC2=C(C=CC3=NSN=C32)Cl"}, "182": {"cid": "CID000036811", "db": "DB00841", "smiles": "CC(CCC1=CC=C(C=C1)O)NCCC2=CC(=C(C=C2)O)O"}, "183": {"cid": "CID000005734", "db": "DB00909", "smiles": "C1=CC=C2C(=C1)C(=NO2)CS(=O)(=O)N"}, "184": {"cid": "CID000003463", "db": "DB01241", "smiles": "CC1=CC(=C(C=C1)C)OCCCC(C)(C)C(=O)O"}, "185": {"cid": "CID000004583", "db": "DB01165", "smiles": "CC1COC2=C3N1C=C(C(=O)C3=CC(=C2N4CCN(CC4)C)F)C(=O)O"}, "186": {"cid": "CID000000598", "db": "DB09110", "smiles": "C(CS(=O)(=O)O)S"}, "187": {"cid": "CID000002284", "db": "DB00181", "smiles": "C1=CC(=CC=C1C(CC(=O)O)CN)Cl"}, "188": {"cid": "CID000002522", "db": null, "smiles": "CC(C=CC(C1CC1)O)C2CCC3C2(CCCC3=CC=C4CC(CC(C4=C)O)O)C"}, "189": {"cid": "CID000005029", "db": "DB01129", "smiles": "CC1=C(C=CN=C1CS(=O)C2=NC3=CC=CC=C3N2)OCCCOC"}, "190": {"cid": "CID000003639", "db": "DB00999", "smiles": "C1NC2=CC(=C(C=C2S(=O)(=O)N1)S(=O)(=O)N)Cl"}, "191": {"cid": "CID003085017", "db": "DB00658", "smiles": "C=CCN.C1C(O1)CCl"}, "192": {"cid": "CID005281104", "db": "DB00910", "smiles": "C[C@H](/C=C/[C@H](C)C(C)(C)O)[C@H]1CC[C@@H]\\2[C@@]1(CCC/C2=C\\C=C3C[C@H](C[C@@H](C3)O)O)C"}, "193": {"cid": "CID000004829", "db": "DB01132", "smiles": "CCC1=CN=C(C=C1)CCOC2=CC=C(C=C2)CC3C(=O)NC(=O)S3"}, "194": {"cid": "CID000003385", "db": "DB00544", "smiles": "C1=C(C(=O)NC(=O)N1)F"}, "195": {"cid": "CID000060198", "db": "DB00990", "smiles": "C[C@]12CC[C@H]3[C@H]([C@@H]1CCC2=O)CC(=C)C4=CC(=O)C=C[C@]34C"}, "196": {"cid": "CID000003203", "db": null, "smiles": "C1CC1C#CC2(C3=C(C=CC(=C3)Cl)NC(=O)O2)C(F)(F)F"}, "197": {"cid": "CID000003877", "db": null, "smiles": "C1C(OC(S1)CO)N2C=CC(=NC2=O)N"}, "198": {"cid": "CID000003954", "db": null, "smiles": "CN(C)C(=O)C(CC[NH+]1CCC(CC1)(C2=CC=C(C=C2)Cl)O)(C3=CC=CC=C3)C4=CC=CC=C4"}, "199": {"cid": "CID000002153", "db": "DB00277", "smiles": "CN1C2=C(C(=O)N(C1=O)C)NC=N2"}, "200": {"cid": "CID000002732", "db": "DB00310", "smiles": "C1=CC=C2C(=C1)C(=O)NC2(C3=CC(=C(C=C3)Cl)S(=O)(=O)N)O"}, "201": {"cid": "CID000005155", "db": null, "smiles": "CC1=CN(C(=O)NC1=O)C2C=CC(O2)CO"}, "202": {"cid": "CID000005152", "db": "DB00938", "smiles": "C1=CC=C(C=C1)CCCCOCCCCCCNCC(C2=CC(=C(C=C2)O)CO)O"}, "203": {"cid": "CID003468412", "db": null, "smiles": "CC1C=CC=CCCC=CC=CC=CC=CC(CC(C(C(CC(=O)CC(C(CCC(CC(CC(CC(=O)OC(C(C1O)C)C)O)O)O)O)O)O)C(=O)O)O)OC2C(C(C(C(O2)C)O)N)O"}, "204": {"cid": "CID000005645", "db": null, "smiles": "CC(CCC(=O)O)C1CCC2C1(CCC3C2C(CC4C3(CCC(C4)O)C)O)C"}, "205": {"cid": "CID000071616", "db": "DB00582", "smiles": "C[C@@H](C1=NC=NC=C1F)[C@](CN2C=NC=N2)(C3=C(C=C(C=C3)F)F)O"}, "206": {"cid": "CID000074989", "db": "DB01117", "smiles": "C1CC(CCC1C2=CC=C(C=C2)Cl)C3=C(C4=CC=CC=C4C(=O)C3=O)O"}, "207": {"cid": "CID000003367", "db": null, "smiles": "C1=NC2=C(N=C(N=C2N1C3C(C(C(O3)CO)O)O)F)N"}, "208": {"cid": "CID000005005", "db": null, "smiles": "CCOC(=O)C(CCC1=CC=CC=C1)NC(C)C(=O)N2CC3=CC=CC=C3CC2C(=O)O"}, "209": {"cid": "CID000000453", "db": null, "smiles": "C(C(C(C(C(CO)O)O)O)O)O"}, "210": {"cid": "CID000003672", "db": "DB01050", "smiles": "CC(C)CC1=CC=C(C=C1)C(C)C(=O)O"}, "211": {"cid": "CID000005717", "db": "DB00549", "smiles": "CC1=CC=CC=C1S(=O)(=O)NC(=O)C2=CC(=C(C=C2)CC3=CN(C4=C3C=C(C=C4)NC(=O)OC5CCCC5)C)OC"}, "212": {"cid": "CID000003734", "db": null, "smiles": "CC(C(=O)NC1=C(C(=C(C(=C1I)C(=O)NC(CO)CO)I)C(=O)NC(CO)CO)I)O"}, "213": {"cid": "CID000003736", "db": "DB09156", "smiles": "CN(CC(CO)O)C(=O)C1=C(C(=C(C(=C1I)C(=O)NCC(CO)O)I)NC(=O)COC)I"}, "214": {"cid": "CID000003730", "db": "DB01362", "smiles": "CC(=O)N(CC(CO)O)C1=C(C(=C(C(=C1I)C(=O)NCC(CO)O)I)C(=O)NCC(CO)O)I"}, "215": {"cid": "CID005329102", "db": "DB01268", "smiles": "CCN(CC)CCNC(=O)C1=C(NC(=C1C)/C=C\\2/C3=C(C=CC(=C3)F)NC2=O)C"}, "216": {"cid": "CID000004547", "db": null, "smiles": "CCOC1=C(C=CC(=C1)CC(=O)NC(CC(C)C)C2=CC=CC=C2N3CCCCC3)C(=O)O"}, "217": {"cid": "CID000004691", "db": null, "smiles": "C1CNCC(C1C2=CC=C(C=C2)F)COC3=CC4=C(C=C3)OCO4"}, "218": {"cid": "CID000003305", "db": "DB01077", "smiles": "CC(O)(P(=O)(O)O)P(=O)(O)O"}, "219": {"cid": "CID000003899", "db": "DB01097", "smiles": "CC1=C(C=NO1)C(=O)NC2=CC=C(C=C2)C(F)(F)F"}, "220": {"cid": "CID000003410", "db": "DB00983", "smiles": "CC(CC1=CC=C(C=C1)OC)NCC(C2=CC(=C(C=C2)O)NC=O)O"}, "221": {"cid": "CID000003883", "db": "DB00448", "smiles": "CC1=C(C=CN=C1CS(=O)C2=NC3=CC=CC=C3N2)OCC(F)(F)F"}, "222": {"cid": "CID000003449", "db": null, "smiles": "CN1CCC23C=CC(CC2OC4=C(C=CC(=C34)C1)OC)O"}, "223": {"cid": "CID000002083", "db": "DB01001", "smiles": "CC(C)(C)NCC(C1=CC(=C(C=C1)O)CO)O"}, "224": {"cid": "CID000004046", "db": "DB00358", "smiles": "C1CCNC(C1)C(C2=CC(=NC3=C2C=CC=C3C(F)(F)F)C(F)(F)F)O"}, "225": {"cid": "CID000001972", "db": null, "smiles": "CC1C=CC=CC=CC=CC=CC=CC=CC(CC2C(C(CC(O2)(CC(CC(C(CCC(CC(CC(=O)OC(C(C1O)C)C)O)O)O)O)O)O)O)C(=O)O)OC3C(C(C(C(O3)C)O)N)O"}, "226": {"cid": "CID000002171", "db": null, "smiles": "CC1(C(N2C(S1)C(C2=O)NC(=O)C(C3=CC=C(C=C3)O)N)C(=O)O)C"}, "227": {"cid": "CID000005234", "db": "DB09153", "smiles": "[Na+].[Cl-]"}, "228": {"cid": "CID000005978", "db": null, "smiles": "CC[C@@]1(C[C@@H]2C[C@@](C3=C(CCN(C2)C1)C4=CC=CC=C4N3)(C5=C(C=C6C(=C5)[C@]78CCN9[C@H]7[C@@](C=CC9)([C@H]([C@@]([C@@H]8N6C=O)(C(=O)OC)O)OC(=O)C)CC)OC)C(=O)OC)O"}, "229": {"cid": "CID000000444", "db": "DB01156", "smiles": "CC(C(=O)C1=CC(=CC=C1)Cl)NC(C)(C)C"}, "230": {"cid": "CID000123620", "db": null, "smiles": "C[C@@H]1C[C@H]2C3CCC4=CC(=O)C=C[C@@]4([C@]3([C@H](C[C@@]2([C@]1(C(=O)CCl)O)C)O)Cl)C"}, "231": {"cid": "CID000005078", "db": "DB00953", "smiles": "CN(C)CCC1=CNC2=C1C=C(C=C2)CN3C=NC=N3"}, "232": {"cid": "CID000041693", "db": "DB00708", "smiles": "CCC(=O)N(C1=CC=CC=C1)C2(CCN(CC2)CCC3=CC=CS3)COC"}, "233": {"cid": "CID000041781", "db": "DB00214", "smiles": "CC1=CC(=CC=C1)NC2=C(C=NC=C2)S(=O)(=O)NC(=O)NC(C)C"}, "234": {"cid": "CID000003869", "db": "DB00598", "smiles": "CC(CCC1=CC=CC=C1)NCC(C2=CC(=C(C=C2)O)C(=O)N)O"}, "235": {"cid": "CID000005372", "db": null, "smiles": "CC1CC(C2C(CC(C(O2)(C(=O)C(=O)N3CCCCC3C(=O)OC(C(C(CC(=O)C(C=C(C1)C)CC=C)O)C)C(=CC4CCC(C(C4)OC)O)C)O)C)OC)OC"}, "236": {"cid": "CID000003961", "db": "DB00678", "smiles": "CCCCC1=NC(=C(N1CC2=CC=C(C=C2)C3=CC=CC=C3C4=NNN=N4)CO)Cl"}, "237": {"cid": "CID000213039", "db": "DB01264", "smiles": "CC(C)CN(C[C@H]([C@H](CC1=CC=CC=C1)NC(=O)O[C@H]2CO[C@@H]3[C@H]2CCO3)O)S(=O)(=O)C4=CC=C(C=C4)N"}, "238": {"cid": "CID000004999", "db": "DB01589", "smiles": "C1C(=S)N(C2=C(C=C(C=C2)Cl)C(=N1)C3=CC=CC=C3F)CC(F)(F)F"}, "239": {"cid": "CID000004991", "db": "DB00545", "smiles": "C[N+]1=CC=CC(=C1)OC(=O)N(C)C"}, "240": {"cid": "CID000004091", "db": "DB00331", "smiles": "CN(C)C(=N)N=C(N)N"}, "241": {"cid": "CID000005496", "db": null, "smiles": "C1C(C(C(C(C1N)OC2C(C(C(C(O2)CO)O)N)O)O)OC3C(CC(C(O3)CN)O)N)N"}, "242": {"cid": "CID000005076", "db": null, "smiles": "CC(C)C1=NC(=CS1)CN(C)C(=O)NC(C(C)C)C(=O)NC(CC2=CC=CC=C2)CC(C(CC3=CC=CC=C3)NC(=O)OCC4=CN=CS4)O"}, "243": {"cid": "CID000003355", "db": null, "smiles": "C1CCNC(C1)C[NH2+]C(=O)C2=C(C=CC(=C2)OCC(F)(F)F)OCC(F)(F)F"}, "244": {"cid": "CID000002713", "db": null, "smiles": "C1=CC(=CC=C1NC(=NC(=NCCCCCCN=C(N)N=C(N)NC2=CC=C(C=C2)Cl)N)N)Cl"}, "245": {"cid": "CID000657298", "db": "DB00550", "smiles": "CCCC1=CC(=O)NC(=S)N1"}, "246": {"cid": "CID000091270", "db": "DB00691", "smiles": "CCOC(=O)[C@H](CCC1=CC=CC=C1)N[C@@H](C)C(=O)N2CC3=CC(=C(C=C3C[C@H]2C(=O)O)OC)OC"}, "247": {"cid": "CID000003108", "db": "DB00975", "smiles": "C1CCN(CC1)C2=NC(=NC3=C2N=C(N=C3N4CCCCC4)N(CCO)CCO)N(CCO)CCO"}, "248": {"cid": "CID000002250", "db": null, "smiles": "CC(C)C1=C(C(=C(N1CCC(CC(CC(=O)O)O)O)C2=CC=C(C=C2)F)C3=CC=CC=C3)C(=O)NC4=CC=CC=C4"}, "249": {"cid": "CID000170361", "db": "DB01273", "smiles": "C1C2CNCC1C3=CC4=NC=CN=C4C=C23"}, "250": {"cid": "CID000002265", "db": "DB00993", "smiles": "CN1C=NC(=C1SC2=NC=NC3=C2NC=N3)[N+](=O)[O-]"}, "251": {"cid": "CID000059708", "db": "DB11868", "smiles": "CCC(C(=O)N)N1CCCC1=O"}, "252": {"cid": "CID000004253", "db": null, "smiles": "CN1CCC23C4C1CC5=C2C(=C(C=C5)O)OC3C(C=C4)O"}, "253": {"cid": "CID000002631", "db": null, "smiles": "CC(=O)OCC1=C(N2C(C(C2=O)NC(=O)C(=NOC)C3=CSC(=N3)N)SC1)C(=O)[O-]"}, "254": {"cid": "CID000002720", "db": "DB00880", "smiles": "C1=C2C(=CC(=C1Cl)S(=O)(=O)N)S(=O)(=O)N=CN2"}, "255": {"cid": "CID000005394", "db": "DB00853", "smiles": "CN1C(=O)N2C=NC(=C2N=N1)C(=O)N"}, "256": {"cid": "CID000039765", "db": "DB01339", "smiles": "CC(=O)O[C@H]1C[C@@H]2CC[C@@H]3[C@@H]([C@]2(C[C@@H]1N4CCCCC4)C)CC[C@]5([C@H]3C[C@@H]([C@@H]5OC(=O)C)[N+]6(CCCCC6)C)C"}, "257": {"cid": "CID000003825", "db": "DB01009", "smiles": "CC(C1=CC(=CC=C1)C(=O)C2=CC=CC=C2)C(=O)O"}, "258": {"cid": "CID000002764", "db": "DB00537", "smiles": "C1CC1N2C=C(C(=O)C3=CC(=C(C=C32)N4CCNCC4)F)C(=O)O"}, "259": {"cid": "CID000000942", "db": null, "smiles": "CN1CCCC1C2=CN=CC=C2"}, "260": {"cid": "CID000002160", "db": "DB00321", "smiles": "CN(C)CCC=C1C2=CC=CC=C2CCC3=CC=CC=C31"}, "261": {"cid": "CID000004170", "db": "DB00524", "smiles": "CC1NC2=CC(=C(C=C2C(=O)N1C3=CC=CC=C3C)S(=O)(=O)N)Cl"}, "262": {"cid": "CID000004171", "db": "DB00264", "smiles": "CC(C)NCC(COC1=CC=C(C=C1)CCOC)O"}, "263": {"cid": "CID000002550", "db": null, "smiles": "CC(CS)C(=O)N1CCCC1C(=O)O"}, "264": {"cid": "CID000002554", "db": "DB00564", "smiles": "C1=CC=C2C(=C1)C=CC3=CC=CC=C3N2C(=O)N"}, "265": {"cid": "CID000004885", "db": null, "smiles": "CCCNC1CCC2=C(C1)SC(=N2)N"}, "266": {"cid": "CID000004616", "db": "DB00842", "smiles": "C1=CC=C(C=C1)C2=NC(C(=O)NC3=C2C=C(C=C3)Cl)O"}, "267": {"cid": "CID000004614", "db": "DB00991", "smiles": "C1=CC=C(C=C1)C2=C(OC(=N2)CCC(=O)O)C3=CC=CC=C3"}, "268": {"cid": "CID000003042", "db": "DB00804", "smiles": "CCN(CC)CCOC(=O)C1(CCCCC1)C2CCCCC2"}, "269": {"cid": "CID000054547", "db": null, "smiles": "COCC1=C(N2C(C(C2=O)NC(=O)C(=NOC)C3=CSC(=N3)N)SC1)C(=O)O"}, "270": {"cid": "CID000004609", "db": null, "smiles": "C1CCC(C(C1)[NH-])[NH-].C(=O)(C(=O)O)O.[Pt+2]"}, "271": {"cid": "CID000001117", "db": "DB14546", "smiles": "[O-]S(=O)(=O)[O-]"}, "272": {"cid": "CID000125017", "db": "DB06700", "smiles": "CN(C)CC(C1=CC=C(C=C1)O)C2(CCCCC2)O"}, "273": {"cid": "CID000003958", "db": "DB00186", "smiles": "C1=CC=C(C(=C1)C2=NC(C(=O)NC3=C2C=C(C=C3)Cl)O)Cl"}, "274": {"cid": "CID000004138", "db": null, "smiles": "CC(CC1=CC(=C(C=C1)O)O)(C(=O)O)N"}, "275": {"cid": "CID000005719", "db": "DB00962", "smiles": "CCN(C1=CC=CC(=C1)C2=CC=NC3=C(C=NN23)C#N)C(=O)C"}, "276": {"cid": "CID000005514", "db": null, "smiles": "CC1(OC2COC3(C(C2O1)OC(O3)(C)C)COS(=O)(=O)N)C"}, "277": {"cid": "CID000003394", "db": "DB00712", "smiles": "CC(C1=CC(=C(C=C1)C2=CC=CC=C2)F)C(=O)O"}, "278": {"cid": "CID000003393", "db": "DB00690", "smiles": "CCN(CC)CCN1C(=O)CN=C(C2=C1C=CC(=C2)Cl)C3=CC=CC=C3F"}, "279": {"cid": "CID000002311", "db": null, "smiles": "CCOC(=O)C(CCC1=CC=CC=C1)NC2CCC3=CC=CC=C3N(C2=O)CC(=O)O"}, "280": {"cid": "CID000003148", "db": null, "smiles": "C1C2CC3CC(CC1N3CC2=O)OC(=O)C4=CNC5=CC=CC=C54"}, "281": {"cid": "CID000005040", "db": null, "smiles": "CC1CCC2CC(C(=CC=CC=CC(CC(C(=O)C(C(C(=CC(C(=O)CC(OC(=O)C3CCCCN3C(=O)C(=O)C1(O2)O)C(C)CC4CCC(C(C4)OC)O)C)C)O)OC)C)C)C)OC"}, "282": {"cid": "CID000001775", "db": "DB00252", "smiles": "C1=CC=C(C=C1)C2(C(=O)NC(=O)N2)C3=CC=CC=C3"}, "283": {"cid": "CID000003676", "db": "DB00281", "smiles": "CCN(CC)CC(=O)NC1=C(C=CC=C1C)C"}, "284": {"cid": "CID000003767", "db": "DB00951", "smiles": "C1=CN=CC=C1C(=O)NN"}, "285": {"cid": "CID000002658", "db": null, "smiles": "CON=C(C1=CC=CO1)C(=O)NC2C3N(C2=O)C(=C(CS3)COC(=O)N)C(=O)[O-]"}, "286": {"cid": "CID000104741", "db": "DB00947", "smiles": "C[C@]12CC[C@H]3[C@H]([C@@H]1CC[C@@H]2O)[C@@H](CC4=C3C=CC(=C4)O)CCCCCCCCCS(=O)CCCC(C(F)(F)F)(F)F"}, "287": {"cid": "CID000056339", "db": "DB01320", "smiles": "C1=CC=C(C=C1)C2(C(=O)N(C(=O)N2)COP(=O)(O)O)C3=CC=CC=C3"}, "288": {"cid": "CID000003032", "db": null, "smiles": "C1=CC=C(C(=C1)CC(=O)[O-])NC2=C(C=CC=C2Cl)Cl"}, "289": {"cid": "CID000002187", "db": "DB01217", "smiles": "CC(C)(C#N)C1=CC(=CC(=C1)CN2C=NC=N2)C(C)(C)C#N"}, "290": {"cid": "CID000002267", "db": "DB00972", "smiles": "CN1CCCC(CC1)N2C(=O)C3=CC=CC=C3C(=N2)CC4=CC=C(C=C4)Cl"}, "291": {"cid": "CID000002249", "db": "DB00335", "smiles": "CC(C)NCC(COC1=CC=C(C=C1)CC(=O)N)O"}, "292": {"cid": "CID005311082", "db": null, "smiles": "C1C[C@H]2C(=O)N[C@H]3CSSCCC(=O)N(C3=O)[C@H](C(=O)NCC(=O)N[C@H](C(=O)N[C@H](C(=O)N2C1)CC4=CNC5=CC=CC=C54)CC(=O)O)CCCCN=C(N)N"}, "293": {"cid": "CID003002190", "db": "DB00976", "smiles": "CC[C@@H]1[C@@]2([C@@H]([C@H](C(=O)[C@@H](C[C@@]([C@@H]([C@H](C(=O)[C@H](C(=O)O1)C)C)O[C@H]3[C@@H]([C@H](C[C@H](O3)C)N(C)C)O)(C)OC)C)C)N(C(=O)O2)CCCCN4C=C(N=C4)C5=CN=CC=C5)C"}, "294": {"cid": "CID000002951", "db": null, "smiles": "C1C(=NC(=O)N1N=CC2=CC=C(O2)C3=CC=C(C=C3)[N+](=O)[O-])[O-]"}, "295": {"cid": "CID000003690", "db": "DB01181", "smiles": "C1CN(P(=O)(OC1)NCCCl)CCCl"}, "296": {"cid": "CID000003249", "db": null, "smiles": "CC(C)C(C)C=CC(C)C1CCC2C1(CCCC2=CC=C3CC(CCC3=C)O)C"}, "297": {"cid": "CID000004927", "db": "DB01069", "smiles": "CC(CN1C2=CC=CC=C2SC3=CC=CC=C31)N(C)C"}, "298": {"cid": "CID000005572", "db": "DB00376", "smiles": "C1CCC(CC1)C(CCN2CCCCC2)(C3=CC=CC=C3)O"}, "299": {"cid": "CID000005731", "db": null, "smiles": "CN(C)CCC1=CNC2=C1C=C(C=C2)CC3COC(=O)N3"}, "300": {"cid": "CID000002955", "db": "DB00250", "smiles": "C1=CC(=CC=C1N)S(=O)(=O)C2=CC=C(C=C2)N"}, "301": {"cid": "CID000003379", "db": null, "smiles": "CC1(OC2CC3C4CC(C5=CC(=O)C=CC5(C4C(CC3(C2(O1)C(=O)CO)C)O)C)F)C"}, "302": {"cid": "CID000004168", "db": "DB01233", "smiles": "CCN(CC)CCNC(=O)C1=CC(=C(C=C1OC)N)Cl"}, "303": {"cid": "CID000002462", "db": null, "smiles": "CCCC1OC2CC3C4CCC5=CC(=O)C=CC5(C4C(CC3(C2(O1)C(=O)CO)C)O)C"}, "304": {"cid": "CID000005408", "db": null, "smiles": "CC12CCC3C(C1CCC2O)CCC4=CC(=O)CCC34C"}, "305": {"cid": "CID000002895", "db": "DB00924", "smiles": "CN(C)CCC=C1C2=CC=CC=C2C=CC3=CC=CC=C31"}, "306": {"cid": "CID000068740", "db": "DB00399", "smiles": "C1=CN(C=N1)CC(O)(P(=O)(O)O)P(=O)(O)O"}, "307": {"cid": "CID000004506", "db": "DB01595", "smiles": "C1C(=O)NC2=C(C=C(C=C2)[N+](=O)[O-])C(=N1)C3=CC=CC=C3"}, "308": {"cid": "CID000003325", "db": "DB00927", "smiles": "C1=C(N=C(S1)N=C(N)N)CSCCC(=NS(=O)(=O)N)N"}, "309": {"cid": "CID000002812", "db": "DB00257", "smiles": "C1=CC=C(C=C1)C(C2=CC=CC=C2)(C3=CC=CC=C3Cl)N4C=CN=C4"}, "310": {"cid": "CID000002801", "db": "DB01242", "smiles": "CN(C)CCCN1C2=CC=CC=C2CCC3=C1C=C(C=C3)Cl"}, "311": {"cid": "CID000003706", "db": null, "smiles": "CC(C)(C)NC(=O)C1CN(CCN1CC(CC(CC2=CC=CC=C2)C(=O)NC3C(CC4=CC=CC=C34)O)O)CC5=CN=CC=C5"}, "312": {"cid": "CID000003478", "db": "DB01067", "smiles": "CC1=CN=C(C=N1)C(=O)NCCC2=CC=C(C=C2)S(=O)(=O)NC(=O)NC3CCCCC3"}, "313": {"cid": "CID000060815", "db": "DB00899", "smiles": "CCC(=O)N(C1=CC=CC=C1)C2(CCN(CC2)CCC(=O)OC)C(=O)OC"}, "314": {"cid": "CID000005401", "db": "DB01162", "smiles": "COC1=C(C=C2C(=C1)C(=NC(=N2)N3CCN(CC3)C(=O)C4CCCO4)N)OC"}, "315": {"cid": "CID000003652", "db": "DB01611", "smiles": "CCN(CCCC(C)NC1=C2C=CC(=CC2=NC=C1)Cl)CCO"}, "316": {"cid": "CID000000581", "db": null, "smiles": "CC(=O)NC(CS)C(=O)O"}, "317": {"cid": "CID000068844", "db": "DB01194", "smiles": "CCN[C@H]1CN(S(=O)(=O)C2=C1C=C(S2)S(=O)(=O)N)CCCOC"}, "318": {"cid": "CID005282226", "db": "DB00287", "smiles": "CC(C)OC(=O)CCC/C=C\\C[C@H]1[C@H](C[C@H]([C@@H]1/C=C/[C@H](COC2=CC=CC(=C2)C(F)(F)F)O)O)O"}, "319": {"cid": "CID000004409", "db": "DB00461", "smiles": "CC(=O)CCC1=CC2=C(C=C1)C=C(C=C2)OC"}, "320": {"cid": "CID000004812", "db": null, "smiles": "CC1=C(C(=O)C2=CC=CC=C2C1=O)CC=C(C)CCCC(C)CCCC(C)CCCC(C)C"}, "321": {"cid": "CID000002733", "db": "DB00356", "smiles": "C1=CC2=C(C=C1Cl)NC(=O)O2"}, "322": {"cid": "CID000005203", "db": null, "smiles": "CNC1CCC(C2=CC=CC=C12)C3=CC(=C(C=C3)Cl)Cl"}, "323": {"cid": "CID000036339", "db": null, "smiles": "CCOC(=O)C1=CN=CN1C(C)C2=CC=CC=C2"}, "324": {"cid": "CID000005073", "db": "DB00734", "smiles": "CC1=C(C(=O)N2CCCCC2=N1)CCN3CCC(CC3)C4=NOC5=C4C=CC(=C5)F"}, "325": {"cid": "CID000125889", "db": null, "smiles": "CC(C)C[C@H](CC(=O)O)CN"}, "326": {"cid": "CID000003962", "db": null, "smiles": "CCC(C)C(=O)OC1CC(C=C2C1C(C(C=C2)C)CCC3CC(CC(=O)O3)O)C"}, "327": {"cid": "CID000003658", "db": "DB00557", "smiles": "C1CN(CCN1CCOCCO)C(C2=CC=CC=C2)C3=CC=C(C=C3)Cl"}, "328": {"cid": "CID000005291", "db": "DB00619", "smiles": "CC1=C(C=C(C=C1)NC(=O)C2=CC=C(C=C2)CN3CCN(CC3)C)NC4=NC=CC(=N4)C5=CN=CC=C5"}, "329": {"cid": "CID000150311", "db": "DB00973", "smiles": "C1=CC(=CC=C1[C@@H]2[C@H](C(=O)N2C3=CC=C(C=C3)F)CC[C@@H](C4=CC=C(C=C4)F)O)O"}, "330": {"cid": "CID000003339", "db": "DB01039", "smiles": "CC(C)OC(=O)C(C)(C)OC1=CC=C(C=C1)C(=O)C2=CC=C(C=C2)Cl"}, "331": {"cid": "CID000002476", "db": null, "smiles": "CC(C)(C)C(C)(C1CC23CCC1(C4C25CCN(C3CC6=C5C(=C(C=C6)O)O4)CC7CC7)OC)O"}, "332": {"cid": "CID000005651", "db": null, "smiles": "CC1C(C(CC(O1)OC2C(C(C(OC2OC3=C4C=C5C=C3OC6=C(C=C(C=C6)C(C(C(=O)NC(C(=O)NC5C(=O)NC7C8=CC(=C(C=C8)O)C9=C(C=C(C=C9O)O)C(NC(=O)C(C(C1=CC(=C(O4)C=C1)Cl)O)NC7=O)C(=O)O)CC(=O)N)NC(=O)C(CC(C)C)NC)O)Cl)CO)O)O)(C)N)O"}, "333": {"cid": "CID000003929", "db": null, "smiles": "CC(=O)NCC1CN(C(=O)O1)C2=CC(=C(C=C2)N3CCOCC3)F"}, "334": {"cid": "CID000002308", "db": null, "smiles": "CC1CC2C3CCC4=CC(=O)C=CC4(C3(C(CC2(C1(C(=O)CO)O)C)O)Cl)C"}, "335": {"cid": "CID000002891", "db": null, "smiles": "CC1=CC2=C(C=C1C)N(C=N2)C3C(C(C(O3)CO)OP(=O)(O)OC(C)CNC(=O)CCC4(C(C5C6(C(C(C(=N6)C(=C7C(C(C(=N7)C=C8C(C(C(=N8)C(=C4[N-]5)C)CCC(=O)N)(C)C)CCC(=O)N)(C)CC(=O)N)C)CCC(=O)N)(C)CC(=O)N)C)CC(=O)N)C)O.[C-]#N.[Co+2]"}, "336": {"cid": "CID000002786", "db": null, "smiles": "CCCC1CC(N(C1)C)C(=O)NC(C2C(C(C(C(O2)SC)O)O)O)C(C)Cl"}, "337": {"cid": "CID000160051", "db": null, "smiles": "CCCCCCCCCCNCC=C.C[N+](C)(C)CCCCCCNCC=C.C=CCN.C1C(O1)CCl.Cl.[Cl-]"}, "338": {"cid": "CID000005402", "db": null, "smiles": "CC(C)(C)C#CC=CCN(C)CC1=CC=CC2=CC=CC=C21"}, "339": {"cid": "CID000001071", "db": null, "smiles": "CC1=C(C(CCC1)(C)C)C=CC(=CC=CC(=CCO)C)C"}, "340": {"cid": "CID000004513", "db": null, "smiles": "CNC(=C[N+](=O)[O-])NCCSCC1=CSC(=N1)CN(C)C"}, "341": {"cid": "CID004479097", "db": null, "smiles": "CC1=CC2=C(C=C1C)N(C=N2)C3C(C(C(O3)CO)OP(=O)([O-])OC(C)CNC(=O)CCC4(C(C5C6(C(C(C(=N6)C(=C7C(C(C(=N7)C=C8C(C(C(=N8)C(=C4[N-]5)C)CCC(=O)N)(C)C)CCC(=O)N)(C)CC(=O)N)C)CCC(=O)N)(C)CC(=O)N)C)CC(=O)N)C)O.O.[Co]"}, "342": {"cid": "CID000002477", "db": "DB00490", "smiles": "C1CCC2(C1)CC(=O)N(C(=O)C2)CCCCN3CCN(CC3)C4=NC=CC=N4"}, "343": {"cid": "CID000003066", "db": null, "smiles": "CC1(C(=O)N2C(C(=O)N3CCCC3C2(O1)O)CC4=CC=CC=C4)NC(=O)C5CC6C(CC7=CNC8=CC=CC6=C78)N(C5)C"}, "344": {"cid": "CID000004723", "db": "DB01230", "smiles": "C1=CC=C(C=C1)C2C(=O)N=C(O2)N"}, "345": {"cid": "CID000060754", "db": null, "smiles": "CNC(=O)CN(CCN(CCN(CC(=O)NC)CC(=O)[O-])CC(=O)[O-])CC(=O)[O-].O.[Gd+3]"}, "346": {"cid": "CID000002676", "db": null, "smiles": "CC(C)C1=C(C(=C(C(=N1)C(C)C)COC)C2=CC=C(C=C2)F)C=CC(CC(CC(=O)O)O)O"}, "347": {"cid": "CID000005478", "db": null, "smiles": "CC(C)(C)NCC(COC1=NSN=C1N2CCOCC2)O"}, "348": {"cid": "CID000003403", "db": null, "smiles": "CC(C)N1C2=CC=CC=C2C(=C1C=CC(CC(CC(=O)O)O)O)C3=CC=C(C=C3)F"}, "349": {"cid": "CID000054841", "db": "DB00289", "smiles": "CC1=CC=CC=C1O[C@H](CCNC)C2=CC=CC=C2"}, "350": {"cid": "CID000003350", "db": null, "smiles": "CC12CCC3C(C1CCC2C(=O)NC(C)(C)C)CCC4C3(C=CC(=O)N4)C"}, "351": {"cid": "CID000004675", "db": null, "smiles": "CC(=O)OC1CC2CCC3C(C2(CC1[N+]4(CCCCC4)C)C)CCC5(C3CC(C5OC(=O)C)[N+]6(CCCCC6)C)C"}, "352": {"cid": "CID000003168", "db": "DB00450", "smiles": "C1CN(CC=C1N2C3=CC=CC=C3NC2=O)CCCC(=O)C4=CC=C(C=C4)F"}, "353": {"cid": "CID000003476", "db": "DB00222", "smiles": "CCC1=C(CN(C1=O)C(=O)NCCC2=CC=C(C=C2)S(=O)(=O)NC(=O)NC3CCC(CC3)C)C"}, "354": {"cid": "CID000003488", "db": "DB01016", "smiles": "COC1=C(C=C(C=C1)Cl)C(=O)NCCC2=CC=C(C=C2)S(=O)(=O)NC(=O)NC3CCCCC3"}, "355": {"cid": "CID000004536", "db": null, "smiles": "CC12CCC3C(C1CCC2(C#C)O)CCC4=CC(=O)CCC34"}, "356": {"cid": "CID000004873", "db": "DB00761", "smiles": "[Cl-].[K+]"}, "357": {"cid": "CID000004205", "db": "DB00370", "smiles": "CN1CCN2C(C1)C3=CC=CC=C3CC4=C2N=CC=C4"}, "358": {"cid": "CID000000861", "db": null, "smiles": "C1=CC(=C(C=C1OC2=C(C=C(C=C2I)CC(C(=O)O)N)I)I)O"}, "359": {"cid": "CID000005035", "db": "DB00481", "smiles": "C1CCN(CC1)CCOC2=CC=C(C=C2)C(=O)C3=C(SC4=C3C=CC(=C4)O)C5=CC=C(C=C5)O"}, "360": {"cid": "CID000003467", "db": "DB00798", "smiles": "CC(C1CCC(C(O1)OC2C(CC(C(C2O)OC3C(C(C(CO3)(C)O)NC)O)N)N)N)NC"}, "361": {"cid": "CID000163742", "db": null, "smiles": "CO[C@@H]1[C@@H]([C@H]([C@@H]([C@H](O1)COS(=O)(=O)O)O[C@H]2[C@@H]([C@H]([C@@H]([C@@H](O2)C(=O)O)OC3[C@@H]([C@H]([C@@H]([C@H](O3)COS(=O)(=O)O)O[C@H]4[C@@H]([C@H]([C@@H]([C@H](O4)C(=O)O)O[C@@H]5[C@@H]([C@H]([C@@H]([C@H](O5)COS(=O)(=O)O)O)O)NS(=O)(=O)O)O)O)OS(=O)(=O)O)NS(=O)(=O)O)O)OS(=O)(=O)O)O)NS(=O)(=O)O"}, "362": {"cid": "CID000004845", "db": "DB01291", "smiles": "CC(C)(C)NCC(C1=NC(=C(C=C1)O)CO)O"}, "363": {"cid": "CID000000815", "db": null, "smiles": "C1C(C(C(C(C1N)OC2C(C(C(C(O2)CN)O)O)O)O)OC3C(C(C(C(O3)CO)O)N)O)N"}, "364": {"cid": "CID006398525", "db": null, "smiles": "C([C@@H]1[C@H]([C@@H]([C@H]([C@@H](O1)O[C@]2([C@H]([C@@H]([C@H](O2)OS(=O)(=O)O)OS(=O)(=O)O)OS(=O)(=O)O)COS(=O)(=O)O)OS(=O)(=O)O)OS(=O)(=O)O)OS(=O)(=O)O)OS(=O)(=O)O.O.O.O.O.O.O.O.O.O.O.O.O.O.O.O.O.O.O.O.O.[Al].[Al].[Al].[Al].[Al].[Al].[Al].[Al].[Al]"}, "365": {"cid": "CID000216326", "db": "DB00480", "smiles": "C1CC(=O)NC(=O)C1N2CC3=C(C2=O)C=CC=C3N"}, "366": {"cid": "CID000002474", "db": "DB00297", "smiles": "CCCCN1CCCCC1C(=O)NC2=C(C=CC=C2C)C"}, "367": {"cid": "CID000003763", "db": "DB00753", "smiles": "C(C(F)(F)F)(OC(F)F)Cl"}, "368": {"cid": "CID000003657", "db": "DB01005", "smiles": "C(=O)(N)NO"}, "369": {"cid": "CID000003324", "db": "DB00426", "smiles": "CC(=O)OCC(CCN1C=NC2=CN=C(N=C21)N)COC(=O)C"}, "370": {"cid": "CID000004236", "db": "DB00745", "smiles": "C1=CC=C(C=C1)C(C2=CC=CC=C2)S(=O)CC(=O)N"}, "371": {"cid": "CID000077993", "db": "DB00216", "smiles": "CN1CCC[C@@H]1CC2=CNC3=C2C=C(C=C3)CCS(=O)(=O)C4=CC=CC=C4"}, "372": {"cid": "CID000152945", "db": null, "smiles": "C[C@]12CCC3[C@H]([C@@H]1CC[C@@H]2C(=O)NC4=C(C=CC(=C4)C(F)(F)F)C(F)(F)F)CC[C@@H]5[C@@]3(C=CC(=O)N5)C"}, "373": {"cid": "CID000005002", "db": "DB01224", "smiles": "C1CN(CCN1CCOCCO)C2=NC3=CC=CC=C3SC4=CC=CC=C42"}, "374": {"cid": "CID000443871", "db": null, "smiles": "CC(C)[C@H]1CCC[C@@H](C1)C(=O)N[C@H](CC2=CC=CC=C2)C(=O)O"}, "375": {"cid": "CID000071329", "db": "DB00204", "smiles": "CN(CCC1=CC=C(C=C1)NS(=O)(=O)C)CCOC2=CC=C(C=C2)NS(=O)(=O)C"}, "376": {"cid": "CID000056959", "db": "DB00243", "smiles": "CC1=C(C(=CC=C1)C)NC(=O)CN2CCN(CC2)CC(COC3=CC=CC=C3OC)O"}, "377": {"cid": "CID000003902", "db": "DB01006", "smiles": "C1=CC(=CC=C1C#N)C(C2=CC=C(C=C2)C#N)N3C=NC=N3"}, "378": {"cid": "CID000034312", "db": "DB00776", "smiles": "C1C2=CC=CC=C2N(C3=CC=CC=C3C1=O)C(=O)N"}, "379": {"cid": "CID000005472", "db": "DB00208", "smiles": "C1CN(CC2=C1SC=C2)CC3=CC=CC=C3Cl"}, "380": {"cid": "CID000005184", "db": null, "smiles": "CN1C2CC(CC1C3C2O3)OC(=O)C(CO)C4=CC=CC=C4"}, "381": {"cid": "CID000002269", "db": null, "smiles": "CCC1C(C(C(N(CC(CC(C(C(C(C(C(=O)O1)C)OC2CC(C(C(O2)C)O)(C)OC)C)OC3C(C(CC(O3)C)N(C)C)O)(C)O)C)C)C)O)(C)O"}, "382": {"cid": "CID000038904", "db": null, "smiles": "C1CC(C1)(C(=O)O)C(=O)O.N.N.[Pt]"}, "383": {"cid": "CID000004449", "db": "DB01149", "smiles": "CCC1=NN(C(=O)N1CCOC2=CC=CC=C2)CCCN3CCN(CC3)C4=CC(=CC=C4)Cl"}, "384": {"cid": "CID000060865", "db": null, "smiles": "CN(C)CCC=C1C2=CC=CC=C2COC3=C1C=C(C=C3)CC(=O)O"}, "385": {"cid": "CID000072467", "db": null, "smiles": "CC1=C(N=C(N=C1N)C(CC(=O)N)NCC(C(=O)N)N)C(=O)NC(C(C2=CN=CN2)O[C@H]3[C@H]([C@H]([C@@H]([C@@H](O3)CO)O)O)O[C@@H]4[C@H]([C@H]([C@@H]([C@H](O4)CO)O)OC(=O)N)O)C(=O)NC(C)C(C(C)C(=O)NC(C(C)O)C(=O)NCCC5=NC(=CS5)C6=NC(=CS6)C(=O)NCCC[S+](C)C)O"}, "386": {"cid": "CID000003008", "db": null, "smiles": "CN1CCC23CCCCC2C1CC4=C3C=C(C=C4)OC"}, "387": {"cid": "CID000005454", "db": null, "smiles": "CN1CCN(CC1)CCC=C2C3=CC=CC=C3SC4=C2C=C(C=C4)S(=O)(=O)N(C)C"}, "388": {"cid": "CID000004943", "db": "DB00818", "smiles": "CC(C)C1=C(C(=CC=C1)C(C)C)O"}, "389": {"cid": "CID000000937", "db": null, "smiles": "C1=CC(=CN=C1)C(=O)[O-]"}, "390": {"cid": "CID000001046", "db": "DB00339", "smiles": "C1=CN=C(C=N1)C(=O)N"}, "391": {"cid": "CID000041774", "db": null, "smiles": "C[C@@H]1[C@H]([C@@H]([C@H]([C@H](O1)O[C@@H]2[C@H](O[C@@H]([C@@H]([C@H]2O)O)O[C@@H]3[C@H](OC([C@@H]([C@H]3O)O)O)CO)CO)O)O)N[C@H]4C=C([C@H]([C@@H]([C@H]4O)O)O)CO"}, "392": {"cid": "CID000123606", "db": "DB00918", "smiles": "CN(C)CCC1=CNC2=C1C=C(C=C2)CS(=O)(=O)N3CCCC3"}, "393": {"cid": "CID000001971", "db": null, "smiles": "C1CC1NC2=C3C(=NC(=N2)N)N(C=N3)C4CC(C=C4)CO"}, "394": {"cid": "CID000003198", "db": "DB01127", "smiles": "C1=CC(=CC=C1COC(CN2C=CN=C2)C3=C(C=C(C=C3)Cl)Cl)Cl"}, "395": {"cid": "CID005311027", "db": "DB00905", "smiles": "CCNC(=O)CCC/C=C\\C[C@H]1[C@H](C[C@H]([C@@H]1/C=C/[C@H](CCC2=CC=CC=C2)O)O)O"}, "396": {"cid": "CID000002524", "db": null, "smiles": "CC(CCCC(C)(C)O)C1CCC2C1(CCCC2=CC=C3CC(CC(C3=C)O)O)C"}, "397": {"cid": "CID000002142", "db": null, "smiles": "C1C(C(C(C(C1NC(=O)C(CCN)O)OC2C(C(C(C(O2)CO)O)N)O)O)OC3C(C(C(C(O3)CN)O)O)O)N"}, "398": {"cid": "CID000508230", "db": null, "smiles": "CC1=C2COC(=O)C2=C(C(=C1OC)CC(=O)O)O"}, "399": {"cid": "CID000004075", "db": "DB00244", "smiles": "C1=CC(=C(C=C1N)C(=O)O)O"}, "400": {"cid": "CID000002435", "db": "DB00484", "smiles": "C1CN=C(N1)NC2=C(C3=NC=CN=C3C=C2)Br"}, "401": {"cid": "CID000004674", "db": "DB00282", "smiles": "C(CN)C(O)(P(=O)(O)O)P(=O)(O)O"}, "402": {"cid": "CID000005426", "db": "DB01041", "smiles": "C1CC(=O)NC(=O)C1N2C(=O)C3=CC=CC=C3C2=O"}, "403": {"cid": "CID000000159", "db": null, "smiles": "CCCCCC(C=CC1C(CC2C1CC(=CCCCC(=O)O)O2)O)O"}, "404": {"cid": "CID000004828", "db": "DB00960", "smiles": "CC(C)NCC(COC1=CC=CC2=C1C=CN2)O"}, "405": {"cid": "CID000154059", "db": "DB01591", "smiles": "C1CN2CCC1[C@H](C2)OC(=O)N3CCC4=CC=CC=C4[C@@H]3C5=CC=CC=C5"}, "406": {"cid": "CID000047320", "db": "DB00732", "smiles": "C[N+]1(CCC2=CC(=C(C=C2C1CC3=CC(=C(C=C3)OC)OC)OC)OC)CCC(=O)OCCCCCOC(=O)CC[N+]4(CCC5=CC(=C(C=C5C4CC6=CC(=C(C=C6)OC)OC)OC)OC)C.C1=CC=C(C=C1)S(=O)(=O)[O-].C1=CC=C(C=C1)S(=O)(=O)[O-]"}, "407": {"cid": "CID000002471", "db": "DB00887", "smiles": "CCCCNC1=C(C(=CC(=C1)C(=O)O)S(=O)(=O)N)OC2=CC=CC=C2"}, "408": {"cid": "CID000002949", "db": null, "smiles": "CC12CCC3C(C1CCC2(C#C)O)CCC4=CC5=C(CC34C)C=NO5"}, "409": {"cid": "CID000005253", "db": "DB00489", "smiles": "CC(C)NCC(C1=CC=C(C=C1)NS(=O)(=O)C)O"}, "410": {"cid": "CID000003461", "db": null, "smiles": "C1=CN(C(=O)N=C1N)C2C(C(C(O2)CO)O)(F)F"}, "411": {"cid": "CID000054786", "db": null, "smiles": "CCCCC[C@H](CC[C@@H]1[C@H](C[C@@H]2[C@H]1CC3=C(C2)C(=CC=C3)OCC(=O)O)O)O"}, "412": {"cid": "CID000504578", "db": null, "smiles": "C1C[C@H]([C@@H]([C@H]([C@@H]1N)O)O[C@H]2[C@@H]([C@@H]([C@H](O2)CO)O[C@@H]3[C@@H]([C@H]([C@@H]([C@@H](O3)CN)O)O)N)O)O[C@H]4C[C@@H]([C@H]([C@@H]([C@H]4N)O)O)CN"}, "413": {"cid": "CID000001690", "db": null, "smiles": "CC1C(C(CC(O1)OC2CC(CC3=C2C(=C4C(=C3O)C(=O)C5=C(C4=O)C(=CC=C5)OC)O)(C(=O)CO)O)[NH3+])O"}, "414": {"cid": "CID000004634", "db": "DB01062", "smiles": "CCN(CC)CC#CCOC(=O)C(C1CCCCC1)(C2=CC=CC=C2)O"}, "415": {"cid": "CID000000564", "db": "DB00513", "smiles": "C(CCC(=O)O)CCN"}, "416": {"cid": "CID000176168", "db": null, "smiles": "C(=O)([O-])[O-].C(=O)([O-])[O-].C(=O)([O-])[O-].O.[La+3].[La+3]"}, "417": {"cid": "CID000004095", "db": "DB00333", "smiles": "CCC(=O)C(CC(C)N(C)C)(C1=CC=CC=C1)C2=CC=CC=C2"}, "418": {"cid": "CID000216239", "db": "DB00398", "smiles": "CNC(=O)C1=NC=CC(=C1)OC2=CC=C(C=C2)NC(=O)NC3=CC(=C(C=C3)Cl)C(F)(F)F"}, "419": {"cid": "CID000004542", "db": "DB09389", "smiles": "CCC12CCC3C(C1CCC2(C#C)O)CCC4=CC(=O)CCC34"}, "420": {"cid": "CID000004440", "db": "DB00952", "smiles": "CNS(=O)(=O)CCC1=CC2=C(C=C1)NC=C2C3CCN(CC3)C"}, "421": {"cid": "CID000060184", "db": null, "smiles": "CCC[C@@H](C(=O)OCC)N[C@H](C)C(=O)N1[C@H]2CCCC[C@H]2C[C@H]1C(=O)O"}, "422": {"cid": "CID000002726", "db": "DB00477", "smiles": "CN(C)CCCN1C2=CC=CC=C2SC3=C1C=C(C=C3)Cl"}, "423": {"cid": "CID000002092", "db": "DB00346", "smiles": "CN(CCCNC(=O)C1CCCO1)C2=NC3=CC(=C(C=C3C(=N2)N)OC)OC"}, "424": {"cid": "CID000148211", "db": null, "smiles": "C1C[C@H]2CN(C(=O)C3=CC=CC(=C23)C1)[C@@H]4CN5CCC4CC5"}, "425": {"cid": "CID000000085", "db": null, "smiles": "C[N+](C)(C)CC(CC(=O)O)O"}, "426": {"cid": "CID000003702", "db": "DB00808", "smiles": "CC1CC2=CC=CC=C2N1NC(=O)C3=CC(=C(C=C3)Cl)S(=O)(=O)N"}, "427": {"cid": "CID000047725", "db": null, "smiles": "CC(C)CC(C(=O)NC(CCCN=C(N)N)C(=O)N1CCCC1C(=O)NNC(=O)N)NC(=O)C(COC(C)(C)C)NC(=O)C(CC2=CC=C(C=C2)O)NC(=O)C(CO)NC(=O)C(CC3=CNC4=CC=CC=C43)NC(=O)C(CC5=CN=CN5)NC(=O)C6CCC(=O)N6"}, "428": {"cid": "CID000001983", "db": "DB00316", "smiles": "CC(=O)NC1=CC=C(C=C1)O"}, "429": {"cid": "CID000013342", "db": "DB00570", "smiles": "CC[C@@]1(C[C@H]2C[C@@](C3=C(CCN(C2)C1)C4=CC=CC=C4N3)(C5=C(C=C6C(=C5)[C@]78CCN9[C@H]7[C@@](C=CC9)([C@H]([C@@]([C@@H]8N6C)(C(=O)OC)O)OC(=O)C)CC)OC)C(=O)OC)O"}, "430": {"cid": "CID000003310", "db": null, "smiles": "CC1OCC2C(O1)C(C(C(O2)OC3C4COC(=O)C4C(C5=CC6=C(C=C35)OCO6)C7=CC(=C(C(=C7)OC)O)OC)O)O"}, "431": {"cid": "CID006447131", "db": null, "smiles": "CC[C@@H]1/C=C(\\C[C@@H](C[C@@H]([C@@H]2[C@H](C[C@H]([C@@](O2)(C(=O)C(=O)N3CCCC[C@H]3C(=O)O[C@@H]([C@@H]([C@H](CC1=O)O)C)/C(=C/[C@@H]4CC[C@@H]([C@@H](C4)OC)Cl)/C)O)C)OC)OC)C)/C"}, "432": {"cid": "CID000004740", "db": "DB00806", "smiles": "CC(=O)CCCCN1C(=O)C2=C(N=CN2C)N(C1=O)C"}, "433": {"cid": "CID000051263", "db": "DB00802", "smiles": "CCC(=O)N(C1=CC=CC=C1)C2(CCN(CC2)CCN3C(=O)N(N=N3)CC)COC"}, "434": {"cid": "CID000123631", "db": "DB00317", "smiles": "COC1=C(C=C2C(=C1)N=CN=C2NC3=CC(=C(C=C3)F)Cl)OCCCN4CCOCC4"}, "435": {"cid": "CID000004178", "db": "DB00379", "smiles": "CC1=C(C(=CC=C1)C)OCC(C)N"}, "436": {"cid": "CID000002375", "db": "DB01128", "smiles": "CC(CS(=O)(=O)C1=CC=C(C=C1)F)(C(=O)NC2=CC(=C(C=C2)C#N)C(F)(F)F)O"}, "437": {"cid": "CID000003117", "db": "DB00822", "smiles": "CCN(CC)C(=S)SSC(=S)N(CC)CC"}, "438": {"cid": "CID000002646", "db": null, "smiles": "CC=CC1=C(N2C(C(C2=O)NC(=O)C(C3=CC=C(C=C3)O)N)SC1)C(=O)O"}, "439": {"cid": "CID000004499", "db": "DB00401", "smiles": "CC1=C(C(C(=C(N1)C)C(=O)OCC(C)C)C2=CC=CC=C2[N+](=O)[O-])C(=O)OC"}, "440": {"cid": "CID000002512", "db": null, "smiles": "CCNC(=O)N(CCCN(C)C)C(=O)C1CC2C(CC3=CNC4=CC=CC2=C34)N(C1)CC=C"}, "441": {"cid": "CID000004603", "db": null, "smiles": "CCC(CC)OC1C=C(CC(C1NC(=O)C)N)C(=O)OCC"}, "442": {"cid": "CID000060854", "db": "DB00246", "smiles": "C1CN(CCN1CCC2=C(C=C3C(=C2)CC(=O)N3)Cl)C4=NSC5=CC=CC=C54"}, "443": {"cid": "CID000001978", "db": "DB01193", "smiles": "CCCC(=O)NC1=CC(=C(C=C1)OCC(CNC(C)C)O)C(=O)C"}, "444": {"cid": "CID000060871", "db": "DB00718", "smiles": "CC(C)(C)C(=O)OCOP(=O)(COCCN1C=NC2=C(N=CN=C21)N)OCOC(=O)C(C)(C)C"}, "445": {"cid": "CID000003121", "db": "DB00313", "smiles": "CCCC(CCC)C(=O)O"}, "446": {"cid": "CID000004834", "db": null, "smiles": "CCN1CCN(C(=O)C1=O)C(=O)NC(C2=CC=CC=C2)C(=O)NC3C4N(C3=O)C(C(S4)(C)C)C(=O)[O-]"}, "447": {"cid": "CID000003059", "db": "DB00861", "smiles": "C1=CC(=C(C=C1C2=C(C=C(C=C2)F)F)C(=O)O)O"}, "448": {"cid": "CID000001546", "db": null, "smiles": "C1C(C(OC1N2C=NC3=C(N=C(N=C32)Cl)N)CO)O"}, "449": {"cid": "CID000003780", "db": null, "smiles": "C1C(C2C(O1)C(CO2)O[N+](=O)[O-])O[N+](=O)[O-]"}, "450": {"cid": "CID000002995", "db": "DB01151", "smiles": "CNCCCN1C2=CC=CC=C2CCC3=CC=CC=C31"}, "451": {"cid": "CID000005878", "db": "DB00621", "smiles": "C[C@]12CC[C@H]3[C@H]([C@@H]1CC[C@]2(C)O)CC[C@@H]4[C@@]3(COC(=O)C4)C"}, "452": {"cid": "CID000005596", "db": null, "smiles": "C1CC[N+]2(C1)C3CCC2CC(C3)OC(=O)C(C4=CC=CC=C4)(C5=CC=CC=C5)O"}, "453": {"cid": "CID000005466", "db": null, "smiles": "CC1=C(SC=C1)C(=CCCN2CCCC(C2)C(=O)O)C3=C(C=CS3)C"}, "454": {"cid": "CID000004771", "db": "DB00191", "smiles": "CC(C)(CC1=CC=CC=C1)N"}, "455": {"cid": "CID000002130", "db": "DB00915", "smiles": "C1C2CC3CC1CC(C2)(C3)N"}, "456": {"cid": "CID000060787", "db": null, "smiles": "CC(C)(C)NC(=O)[C@@H]1CC2CCCCC2CN1C[C@H]([C@H](CC3=CC=CC=C3)NC(=O)[C@H](CC(=O)N)NC(=O)C4=NC5=CC=CC=C5C=C4)O"}, "457": {"cid": "CID000005453", "db": "DB04572", "smiles": "C1CN1P(=S)(N2CC2)N3CC3"}, "458": {"cid": "CID005311039", "db": null, "smiles": "CCC(C)CC(C)CCCCCCCCC(=O)N[C@H]1C[C@H]([C@H](NC(=O)[C@@H]2CCCN2C(=O)[C@@H](NC(=O)[C@@H](NC(=O)[C@@H]3C[C@H](CN3C(=O)[C@@H](NC1=O)[C@@H](C)O)O)[C@@H]([C@H](C4=CC=C(C=C4)O)O)O)[C@@H](CCN)O)NCCN)O"}, "459": {"cid": "CID000003373", "db": "DB01205", "smiles": "CCOC(=O)C1=C2CN(C(=O)C3=C(N2C=N1)C=CC(=C3)F)C"}, "460": {"cid": "CID000003372", "db": "DB00623", "smiles": "C1CN(CCN1CCCN2C3=CC=CC=C3SC4=C2C=C(C=C4)C(F)(F)F)CCO"}, "461": {"cid": "CID000148192", "db": "DB01072", "smiles": "CC(C)(C)[C@@H](C(=O)N[C@@H](CC1=CC=CC=C1)[C@H](CN(CC2=CC=C(C=C2)C3=CC=CC=N3)NC(=O)[C@H](C(C)(C)C)NC(=O)OC)O)NC(=O)OC"}, "462": {"cid": "CID000002519", "db": "DB00201", "smiles": "CN1C=NC2=C1C(=O)N(C(=O)N2C)C"}, "463": {"cid": "CID000072054", "db": null, "smiles": "C1CN(CC1C(C2=CC=CC=C2)(C3=CC=CC=C3)C(=O)N)CCC4=CC5=C(C=C4)OCC5"}, "464": {"cid": "CID000115237", "db": "DB01267", "smiles": "CC1=C(C(=O)N2CCCC(C2=N1)O)CCN3CCC(CC3)C4=NOC5=C4C=CC(=C5)F"}, "465": {"cid": "CID000003040", "db": null, "smiles": "CC1=C(C(=NO1)C2=C(C=CC=C2Cl)Cl)C(=O)NC3C4N(C3=O)C(C(S4)(C)C)C(=O)[O-]"}, "466": {"cid": "CID000005381", "db": "DB00799", "smiles": "CCOC(=O)C1=CN=C(C=C1)C#CC2=CC3=C(C=C2)SCCC3(C)C"}, "467": {"cid": "CID000004064", "db": "DB00371", "smiles": "CCCC(C)(COC(=O)N)COC(=O)N"}, "468": {"cid": "CID000002712", "db": "DB00475", "smiles": "CN=C1CN(C(=C2C=C(C=CC2=N1)Cl)C3=CC=CC=C3)O"}, "469": {"cid": "CID000093860", "db": null, "smiles": "B([C@@H](CC(C)C)NC(=O)[C@@H](CC1=CC=CC=C1)NC(=O)C2=NC=CN=C2)(O)O"}, "470": {"cid": "CID000147912", "db": null, "smiles": "CC[C@@H]([C@H](C)O)N1C(=O)N(C=N1)C2=CC=C(C=C2)N3CCN(CC3)C4=CC=C(C=C4)OCC5C[C@](OC5)(CN6C=NC=N6)C7=C(C=C(C=C7)F)F"}, "471": {"cid": "CID000001986", "db": "DB00819", "smiles": "CC(=O)NC1=NN=C(S1)S(=O)(=O)N"}, "472": {"cid": "CID000060164", "db": "DB00210", "smiles": "COC1=C(C=C(C=C1)C2=CC3=C(C=C2)C=C(C=C3)C(=O)O)C45CC6CC(C4)CC(C6)C5"}, "473": {"cid": "CID000002478", "db": "DB01008", "smiles": "CS(=O)(=O)OCCCCOS(=O)(=O)C"}, "474": {"cid": "CID000024011", "db": null, "smiles": "S=[Se]"}, "475": {"cid": "CID000002622", "db": null, "smiles": "C[N+]1(CCCC1)CC2=C(N3C(C(C3=O)NC(=O)C(=NOC)C4=CSC(=N4)N)SC2)C(=O)[O-]"}, "476": {"cid": "CID000197712", "db": null, "smiles": "CC1=CC(=NC(=N1)OC(C(=O)O)C(C2=CC=CC=C2)(C3=CC=CC=C3)OC)C"}, "477": {"cid": "CID000150610", "db": "DB00303", "smiles": "C[C@@H]1[C@@H]2[C@H](C(=O)N2C(=C1S[C@H]3C[C@H](NC3)C(=O)NC4=CC=CC(=C4)C(=O)O)C(=O)O)[C@@H](C)O"}, "478": {"cid": "CID000005578", "db": "DB00440", "smiles": "COC1=CC(=CC(=C1OC)OC)CC2=CN=C(N=C2N)N"}, "479": {"cid": "CID000024486", "db": null, "smiles": "O.O.O.O.O.O.[Cl-].[Cl-].[Ca+2]"}, "480": {"cid": "CID000002749", "db": "DB01188", "smiles": "CC1=CC(=O)N(C(=C1)C2CCCCC2)O"}, "481": {"cid": "CID000002578", "db": "DB00262", "smiles": "C(CCl)NC(=O)N(CCCl)N=O"}, "482": {"cid": "CID000003741", "db": "DB09134", "smiles": "C(CO)N(C1=C(C(=C(C(=C1I)C(=O)NCC(CO)O)I)C(=O)NCC(CO)O)I)C(=O)CO"}, "483": {"cid": "CID000003914", "db": null, "smiles": "CC(C)(C)NCC(COC1=CC=CC2=C1CCCC2=O)O"}, "484": {"cid": "CID000003784", "db": "DB00270", "smiles": "CC1=C(C(C(=C(N1)C)C(=O)OC(C)C)C2=CC=CC3=NON=C32)C(=O)OC"}, "485": {"cid": "CID000014888", "db": null, "smiles": "[O-2].[O-2].[O-2].[As+3].[As+3]"}, "486": {"cid": "CID000004911", "db": "DB01032", "smiles": "CCCN(CCC)S(=O)(=O)C1=CC=C(C=C1)C(=O)O"}, "487": {"cid": "CID005362420", "db": "DB00460", "smiles": "CC1=C(C2=CC3=NC(=CC4=C(C(=C(N4)C=C5[C@@]6([C@@H](C(=CC=C6C(=N5)C=C1N2)C(=O)OC)C(=O)OC)C)C)CCC(=O)OC)C(=C3C)CCC(=O)O)C=C"}, "488": {"cid": "CID000012536", "db": null, "smiles": "CC1(O[C@@H]2C[C@H]3C4CCC5=CC(=O)C=CC5([C@H]4C(CC3([C@@]2(O1)C(=O)CO)C)O)C)C"}, "489": {"cid": "CID000003397", "db": "DB00499", "smiles": "CC(C)C(=O)NC1=CC(=C(C=C1)[N+](=O)[O-])C(F)(F)F"}, "490": {"cid": "CID000000119", "db": "DB02530", "smiles": "C(CC(=O)O)CN"}, "491": {"cid": "CID001349907", "db": "DB00763", "smiles": "CN1C=CNC1=S"}, "492": {"cid": "CID000004819", "db": null, "smiles": "CCC1C(COC1=O)CC2=CN=CN2C"}, "493": {"cid": "CID000003114", "db": "DB00280", "smiles": "CC(C)N(CCC(C1=CC=CC=C1)(C2=CC=CC=N2)C(=O)N)C(C)C"}, "494": {"cid": "CID000004053", "db": null, "smiles": "C1=CC(=CC=C1CC(C(=O)O)N)N(CCCl)CCCl"}, "495": {"cid": "CID000110635", "db": "DB00820", "smiles": "CN1CC(=O)N2[C@@H](C1=O)CC3=C([C@H]2C4=CC5=C(C=C4)OCO5)NC6=CC=CC=C36"}, "496": {"cid": "CID000003964", "db": "DB00408", "smiles": "CN1CCN(CC1)C2=NC3=CC=CC=C3OC4=C2C=C(C=C4)Cl"}, "497": {"cid": "CID000004425", "db": null, "smiles": "C=CCN1CCC23C4C(=O)CCC2(C1CC5=C3C(=C(C=C5)O)O4)O"}, "498": {"cid": "CID000005525", "db": null, "smiles": "CCOC(=O)C(CCC1=CC=CC=C1)NC(C)C(=O)N2C3CCCCC3CC2C(=O)O"}, "499": {"cid": "CID000004727", "db": null, "smiles": "CC(C)(C(C(=O)O)N)S"}, "500": {"cid": "CID000003384", "db": null, "smiles": "CC1CC2C3CCC(C3(CC(C2(C4(C1=CC(=O)C=C4)C)F)O)C)(C(=O)C)O"}, "501": {"cid": "CID000003494", "db": "DB00986", "smiles": "C[N+]1(CCC(C1)OC(=O)C(C2CCCC2)(C3=CC=CC=C3)O)C"}, "502": {"cid": "CID000002349", "db": null, "smiles": "CC1(C(N2C(S1)C(C2=O)NC(=O)CC3=CC=CC=C3)C(=O)O)C"}, "503": {"cid": "CID000003279", "db": null, "smiles": "CCC(CO)NCCNC(CC)CO"}, "504": {"cid": "CID000004745", "db": null, "smiles": "CCCN1CC(CC2C1CC3=CNC4=CC=CC2=C34)CSC"}, "505": {"cid": "CID000005771", "db": null, "smiles": "CCC(C)C1C(=O)NC(C(=O)NC(C(=O)NC(CSSCC(C(=O)NC(C(=O)N1)CC2=CC=C(C=C2)O)N)C(=O)N3CCCC3C(=O)NC(CC(C)C)C(=O)NCC(=O)N)CC(=O)N)CCC(=O)N"}, "506": {"cid": "CID000003827", "db": "DB00920", "smiles": "CN1CCC(=C2C3=C(C(=O)CC4=CC=CC=C42)SC=C3)CC1"}, "507": {"cid": "CID000054808", "db": null, "smiles": "CCOC(=O)O[C@@]1(CCC2[C@@]1(C[C@@H](C3C2CCC4=CC(=O)C=C[C@]34C)O)C)C(=O)OCCl"}, "508": {"cid": "CID000048175", "db": null, "smiles": "CCC(=O)O[C@@]1([C@H](CC2C1(CC([C@]3(C2C[C@@H](C4=CC(=O)C=CC43C)F)F)O)C)C)C(=O)CCl"}, "509": {"cid": "CID000027991", "db": null, "smiles": "C1CC(N(C1)C(=O)C2CSSCCC(=O)NC(C(=O)NC(C(=O)NC(C(=O)NC(C(=O)N2)CC(=O)N)CCC(=O)N)CC3=CC=CC=C3)CC4=CC=C(C=C4)O)C(=O)NC(CCCN=C(N)N)C(=O)NCC(=O)N"}, "510": {"cid": "CID000060696", "db": null, "smiles": "CC(=O)O[C@H]1[C@H](CC2[C@@]1(CCC3C2CCC4[C@@]3(C[C@@H]([C@H](C4)O)N5CCOCC5)C)C)[N+]6(CCCC6)CC=C"}, "511": {"cid": "CID000004739", "db": null, "smiles": "C1C(C(OC1N2C=NC3=C2NC=NCC3O)CO)O"}, "512": {"cid": "CID000004730", "db": null, "smiles": "CC1(C(N2C(S1)C(C2=O)NC(=O)COC3=CC=CC=C3)C(=O)[O-])C"}, "513": {"cid": "CID000005195", "db": null, "smiles": "CC(CC1=CC=CC=C1)N(C)CC#C"}, "514": {"cid": "CID000002019", "db": null, "smiles": "CC1C(C(=O)NC(C(=O)N2CCCC2C(=O)N(CC(=O)N(C(C(=O)O1)C(C)C)C)C)C(C)C)NC(=O)C3=C4C(=C(C=C3)C)OC5=C(C(=O)C(=C(C5=N4)C(=O)NC6C(OC(=O)C(N(C(=O)CN(C(=O)C7CCCN7C(=O)C(NC6=O)C(C)C)C)C)C(C)C)C)N)C"}, "515": {"cid": "CID000057537", "db": null, "smiles": "CCCN(CCC1=CC=CS1)C2CCC3=C(C2)C=CC=C3O"}, "516": {"cid": "CID000000158", "db": null, "smiles": "CCCCCC(C=CC1C(CC(=O)C1CC=CCCCC(=O)O)O)O"}, "517": {"cid": "CID003062316", "db": "DB01254", "smiles": "CC1=C(C(=CC=C1)Cl)NC(=O)C2=CN=C(S2)NC3=CC(=NC(=N3)C)N4CCN(CC4)CCO"}, "518": {"cid": "CID000041317", "db": null, "smiles": "CC1=CC(=C(C(=C1C=CC(=CC=CC(=CC(=O)O)C)C)C)C)OC"}, "519": {"cid": "CID004659569", "db": "DB00323", "smiles": "CC1=CC=C(C=C1)C(=O)C2=CC(=C(C(=C2)O)O)[N+](=O)[O-]"}, "520": {"cid": "CID000002610", "db": null, "smiles": "CC1=C(N2C(C(C2=O)NC(=O)C(C3=CC=C(C=C3)O)N)SC1)C(=O)O"}, "521": {"cid": "CID000071158", "db": "DB00659", "smiles": "CC(=O)NCCCS(=O)(=O)O"}, "522": {"cid": "CID000004607", "db": null, "smiles": "CC1=C(C(=NO1)C2=CC=CC=C2)C(=O)NC3C4N(C3=O)C(C(S4)(C)C)C(=O)[O-]"}, "523": {"cid": "CID000004748", "db": "DB00850", "smiles": "C1CN(CCN1CCCN2C3=CC=CC=C3SC4=C2C=C(C=C4)Cl)CCO"}, "524": {"cid": "CID006435110", "db": null, "smiles": "CCC(C)[C@@H]1[C@H](CC[C@@]2(O1)CC3C[C@H](O2)C/C=C(/[C@H]([C@H](/C=C/C=C/4\\CO[C@H]5[C@@]4([C@@H](C=C([C@H]5O)C)C(=O)O3)O)C)O[C@H]6C[C@@H]([C@H]([C@@H](O6)C)OC7C[C@@H]([C@H]([C@@H](O7)C)O)OC)OC)\\C)C.C[C@H]1CC[C@]2(CC3C[C@H](O2)C/C=C(/[C@H]([C@H](/C=C/C=C/4\\CO[C@H]5[C@@]4([C@@H](C=C([C@H]5O)C)C(=O)O3)O)C)O[C@H]6C[C@@H]([C@H]([C@@H](O6)C)OC7C[C@@H]([C@H]([C@@H](O7)C)O)OC)OC)\\C)O[C@@H]1C(C)C"}, "525": {"cid": "CID000444013", "db": "DB00538", "smiles": "COCCNC(=O)CN(CCN(CCN(CC(=O)NCCOC)CC(=O)[O-])CC(=O)[O-])CC(=O)[O-].[Gd+3]"}, "526": {"cid": "CID000005052", "db": null, "smiles": "COC1C(CC2CN3CCC4=C(C3CC2C1C(=O)OC)NC5=C4C=CC(=C5)OC)OC(=O)C6=CC(=C(C(=C6)OC)OC)OC"}, "527": {"cid": "CID000060612", "db": null, "smiles": "CC1=C(C(=CC=C1)[C@@H](C)C2=CN=CN2)C"}, "528": {"cid": "CID000002978", "db": null, "smiles": "CCCCCC1=CC(=C2C3C=C(CCC3C(OC2=C1)(C)C)C)O"}, "529": {"cid": "CID000004264", "db": null, "smiles": "CC(C1C(O1)CC2COC(C(C2O)O)CC(=CC(=O)OCCCCCCCCC(=O)O)C)C(C)O"}, "530": {"cid": "CID000005352", "db": null, "smiles": "CC1=C(C2=C(C1=CC3=CC=C(C=C3)S(=O)C)C=CC(=C2)F)CC(=O)O"}, "531": {"cid": "CID000005215", "db": "DB00359", "smiles": "C1=CN=C(N=C1)NS(=O)(=O)C2=CC=C(C=C2)N"}, "532": {"cid": "CID000145068", "db": "DB00435", "smiles": "[N]=O"}, "533": {"cid": "CID000003414", "db": null, "smiles": "C(=O)([O-])P(=O)([O-])[O-]"}, "534": {"cid": "CID000002283", "db": null, "smiles": "CCC(C)C1C(=O)NC(C(=O)NC(C(=O)NC(C(=O)NC(C(=O)NC(C(=O)NC(C(=O)N1)CCCN)CCCCNC(=O)C(C(C)CC)NC(=O)C(CCC(=O)O)NC(=O)C(CC(C)C)NC(=O)C2CSC(=N2)C(C(C)CC)N)CC(=O)N)CC(=O)O)CC3=CN=CN3)CC4=CC=CC=C4"}, "535": {"cid": "CID000005297", "db": null, "smiles": "CC1C(C(C(O1)OC2C(C(C(C(C2O)O)N=C(N)N)O)N=C(N)N)OC3C(C(C(C(O3)CO)O)O)NC)(C=O)O"}, "536": {"cid": "CID000002177", "db": null, "smiles": "CC(C)CN(CC(C(CC1=CC=CC=C1)NC(=O)OC2CCOC2)O)S(=O)(=O)C3=CC=C(C=C3)N"}, "537": {"cid": "CID000119182", "db": "DB00631", "smiles": "C1=NC2=C(N=C(N=C2N1[C@H]3[C@H]([C@@H]([C@H](O3)CO)O)F)Cl)N"}, "538": {"cid": "CID000003637", "db": "DB01275", "smiles": "C1=CC=C2C(=C1)C=NN=C2NN"}, "539": {"cid": "CID000003642", "db": null, "smiles": "CCCC(=O)OC1(CCC2C1(CC(C3C2CCC4=CC(=O)CCC34C)O)C)C(=O)CO"}, "540": {"cid": "CID000027686", "db": null, "smiles": "C1=CC2=C(C(=C1)OCC(COC3=CC4=C(C=C3)OC(=CC4=O)C(=O)O)O)C(=O)C=C(O2)C(=O)O"}, "541": {"cid": "CID000003382", "db": null, "smiles": "CC(=O)OCC(=O)C12C(CC3C1(CC(C4(C3CC(C5=CC(=O)C=CC54C)F)F)O)C)OC(O2)(C)C"}, "542": {"cid": "CID000005593", "db": "DB00809", "smiles": "CCN(CC1=CC=NC=C1)C(=O)C(CO)C2=CC=CC=C2"}, "543": {"cid": "CID000000191", "db": null, "smiles": "C1=NC(=C2C(=N1)N(C=N2)C3C(C(C(O3)CO)O)O)N"}, "544": {"cid": "CID000003928", "db": null, "smiles": "CCCC1CC(N(C1)C)C(=O)NC(C2C(C(C(C(O2)SC)O)O)O)C(C)O"}, "545": {"cid": "CID000004195", "db": "DB00211", "smiles": "COC1=CC(=C(C=C1)OC)C(CNC(=O)CN)O"}, "546": {"cid": "CID000150310", "db": null, "smiles": "C[C@]12CCC(=O)C=C1C[C@H](C3[C@]24C(O4)C[C@]5([C@H]3CC[C@@]56CCC(=O)O6)C)C(=O)OC"}, "547": {"cid": "CID000131536", "db": "DB01319", "smiles": "CC(C)CN(C[C@H]([C@H](CC1=CC=CC=C1)NC(=O)O[C@H]2CCOC2)OP(=O)(O)O)S(=O)(=O)C3=CC=C(C=C3)N"}, "548": {"cid": "CID000001206", "db": null, "smiles": "CC(CC1=CC=CC=C1)NC"}, "549": {"cid": "CID000002099", "db": "DB00969", "smiles": "CC1=C(N=CN1)CN2CCC3=C(C2=O)C4=CC=CC=C4N3C"}, "550": {"cid": "CID000004428", "db": null, "smiles": "C1CC1CN2CCC34C5C(=O)CCC3(C2CC6=C4C(=C(C=C6)O)O5)O"}, "551": {"cid": "CID000016231", "db": "DB00594", "smiles": "C1(=C(N=C(C(=N1)Cl)N)N)C(=O)N=C(N)N"}, "552": {"cid": "CID000000298", "db": null, "smiles": "C1=CC(=CC=C1C(C(CO)NC(=O)C(Cl)Cl)O)[N+](=O)[O-]"}, "553": {"cid": "CID000444033", "db": null, "smiles": "CC(C)C(=O)OCC(=O)[C@@]12[C@@H](C[C@@H]3[C@@]1(C[C@@H]([C@H]4[C@H]3CCC5=CC(=O)C=C[C@]45C)O)C)OC(O2)C6CCCCC6"}, "554": {"cid": "CID000003675", "db": "DB00780", "smiles": "C1=CC=C(C=C1)CCNN"}, "555": {"cid": "CID000005746", "db": "DB00305", "smiles": "CC1=C(C(=O)C2=C(C1=O)N3C[C@H]4[C@@H]([C@@]3([C@@H]2COC(=O)N)OC)N4)N"}, "556": {"cid": "CID006918453", "db": null, "smiles": "CCP(CC)CC.CC(=O)OC[C@@H]1[C@H]([C@@H]([C@H]([C@@H](O1)[S-])OC(=O)C)OC(=O)C)OC(=O)C.[Au+]"}, "557": {"cid": "CID000002274", "db": null, "smiles": "CC1C(C(=O)N1S(=O)(=O)O)NC(=O)C(=NOC(C)(C)C(=O)O)C2=CSC(=N2)N"}, "558": {"cid": "CID000060877", "db": "DB00879", "smiles": "C1[C@H](O[C@H](S1)CO)N2C=C(C(=NC2=O)N)F"}, "559": {"cid": "CID000002369", "db": "DB00195", "smiles": "CC(C)NCC(COC1=CC=C(C=C1)CCOCC2CC2)O"}, "560": {"cid": "CID000004473", "db": null, "smiles": "CC1=C(C(C(=C(N1)C)C(=O)OCC[NH+](C)CC2=CC=CC=C2)C3=CC(=CC=C3)[N+](=O)[O-])C(=O)OC"}, "561": {"cid": "CID005473385", "db": null, "smiles": "C1=NC2C(=N1)NC(=NC2=S)N"}, "562": {"cid": "CID000122316", "db": null, "smiles": "C#CCNC1CCC2=CC=CC=C12"}, "563": {"cid": "CID000002725", "db": "DB01114", "smiles": "CN(C)CCC(C1=CC=C(C=C1)Cl)C2=CC=CC=N2"}, "564": {"cid": "CID000004932", "db": "DB01182", "smiles": "CCCNCC(COC1=CC=CC=C1C(=O)CCC2=CC=CC=C2)O"}, "565": {"cid": "CID000004044", "db": "DB00784", "smiles": "CC1=C(C(=CC=C1)NC2=CC=CC=C2C(=O)O)C"}, "566": {"cid": "CID000004893", "db": "DB00457", "smiles": "COC1=C(C=C2C(=C1)C(=NC(=N2)N3CCN(CC3)C(=O)C4=CC=CO4)N)OC"}, "567": {"cid": "CID000077992", "db": "DB00998", "smiles": "CN[C@@H]1CCC2=C(C1)C3=C(N2)C=CC(=C3)C(=O)N"}, "568": {"cid": "CID000003291", "db": "DB00593", "smiles": "CCC1(CC(=O)NC1=O)C"}, "569": {"cid": "CID000002719", "db": "DB00608", "smiles": "CCN(CC)CCCC(C)NC1=C2C=CC(=CC2=NC=C1)Cl"}, "570": {"cid": "CID000071273", "db": null, "smiles": "CCCN1CCCCC1C(=O)NC2=C(C=CC=C2C)C"}, "571": {"cid": "CID000002141", "db": "DB01143", "smiles": "C(CN)CNCCSP(=O)(O)O"}, "572": {"cid": "CID000003562", "db": "DB01159", "smiles": "C(C(F)(F)F)(Cl)Br"}, "573": {"cid": "CID000002637", "db": null, "smiles": "COC1(C2N(C1=O)C(=C(CS2)COC(=O)N)C(=O)[O-])NC(=O)CC3=CC=CS3"}, "574": {"cid": "CID000003278", "db": "DB00903", "smiles": "CCC(=C)C(=O)C1=C(C(=C(C=C1)OCC(=O)O)Cl)Cl"}, "575": {"cid": "CID000002727", "db": "DB00672", "smiles": "CCCNC(=O)NS(=O)(=O)C1=CC=C(C=C1)Cl"}, "576": {"cid": "CID000002800", "db": "DB00882", "smiles": "CCN(CC)CCOC1=CC=C(C=C1)C(=C(C2=CC=CC=C2)Cl)C3=CC=CC=C3"}, "577": {"cid": "CID000004993", "db": "DB00205", "smiles": "CCC1=C(C(=NC(=N1)N)N)C2=CC=C(C=C2)Cl"}, "578": {"cid": "CID000004497", "db": "DB00393", "smiles": "CC1=C(C(C(=C(N1)C)C(=O)OC(C)C)C2=CC(=CC=C2)[N+](=O)[O-])C(=O)OCCOC"}, "579": {"cid": "CID000005515", "db": null, "smiles": "CCC1(C2=C(COC1=O)C(=O)N3CC4=CC5=C(C=CC(=C5CN(C)C)O)N=C4C3=C2)O"}, "580": {"cid": "CID000040976", "db": null, "smiles": "CCC12CC(=C)C3C(C1CC[C@]2(C#C)O)CCC4=CC(=O)CCC34"}, "581": {"cid": "CID000072938", "db": null, "smiles": "CON=C1CN(CC1CN)C2=C(C=C3C(=O)C(=CN(C3=N2)C4CC4)C(=O)O)F"}, "582": {"cid": "CID006436173", "db": "DB01220", "smiles": "C[C@H]1/C=C/C=C(\\C(=O)NC2=C(C3=C(C4=C(C(=C3O)C)O[C@@](C4=O)(O/C=C/[C@@H]([C@H]([C@H]([C@@H]([C@@H]([C@@H]([C@H]1O)C)O)C)OC(=O)C)C)OC)C)C5=C2N6C=CC(=CC6=N5)C)O)/C"}, "583": {"cid": "CID000004140", "db": null, "smiles": "CCC(CO)NC(=O)C1CN(C2CC3=CNC4=CC=CC(=C34)C2=C1)C"}, "584": {"cid": "CID000005486", "db": null, "smiles": "CCCCS(=O)(=O)NC(CC1=CC=C(C=C1)OCCCCC2CCNCC2)C(=O)O"}, "585": {"cid": "CID000012620", "db": "DB00632", "smiles": "CCCCCCCCCCCCCCCCCCCCCCO"}, "586": {"cid": "CID000002708", "db": "DB00291", "smiles": "C1=CC(=CC=C1CCCC(=O)O)N(CCCl)CCCl"}, "587": {"cid": "CID000002973", "db": "DB00746", "smiles": "CC(=O)N(CCCCCNC(=O)CCC(=O)N(CCCCCNC(=O)CCC(=O)N(CCCCCN)O)O)O"}, "588": {"cid": "CID000003381", "db": null, "smiles": "CC1(OC2CC3C4CC(C5=CC(=O)C=CC5(C4(C(CC3(C2(O1)C(=O)CO)C)O)F)C)F)C"}, "589": {"cid": "CID000002170", "db": "DB00543", "smiles": "C1CN(CCN1)C2=NC3=CC=CC=C3OC4=C2C=C(C=C4)Cl"}, "590": {"cid": "CID000002370", "db": "DB01019", "smiles": "CC(C[N+](C)(C)C)OC(=O)N"}, "591": {"cid": "CID000002266", "db": "DB00548", "smiles": "C(CCCC(=O)O)CCCC(=O)O"}, "592": {"cid": "CID000042113", "db": "DB01189", "smiles": "C(C(F)(F)F)(OC(F)F)F"}, "593": {"cid": "CID000003724", "db": "DB01249", "smiles": "CC(=O)N(CC(CN(C1=C(C(=C(C(=C1I)C(=O)NCC(CO)O)I)C(=O)NCC(CO)O)I)C(=O)C)O)C2=C(C(=C(C(=C2I)C(=O)NCC(CO)O)I)C(=O)NCC(CO)O)I"}, "594": {"cid": "CID000002232", "db": null, "smiles": "CC1CCN(C(C1)C(=O)O)C(=O)C(CCCN=C(N)N)NS(=O)(=O)C2=CC=CC3=C2NCC(C3)C"}, "595": {"cid": "CID000003821", "db": "DB01221", "smiles": "CNC1(CCCCC1=O)C2=CC=CC=C2Cl"}, "596": {"cid": "CID000004913", "db": "DB01035", "smiles": "CCN(CC)CCNC(=O)C1=CC=C(C=C1)N"}, "597": {"cid": "CID000005070", "db": "DB00740", "smiles": "C1=CC2=C(C=C1OC(F)(F)F)SC(=N2)N"}, "598": {"cid": "CID000002675", "db": null, "smiles": "C=CC1=C(N2C(C(C2=O)NC(=O)C(=NOCC(=O)O)C3=CSC(=N3)N)SC1)C(=O)O"}, "599": {"cid": "CID000039860", "db": null, "smiles": "CCCCCCC(C)(C)C1=CC(=C2C3CC(=O)CCC3C(OC2=C1)(C)C)O"}, "600": {"cid": "CID000001134", "db": null, "smiles": "CC1=CN(C(=O)NC1=O)C2CC(C(O2)CO)O"}, "601": {"cid": "CID000005721", "db": null, "smiles": "CC(=O)NC1C(C=C(OC1C(C(CO)O)O)C(=O)O)N=C(N)N"}, "602": {"cid": "CID000004211", "db": "DB00648", "smiles": "C1=CC=C(C(=C1)C(C2=CC=C(C=C2)Cl)C(Cl)Cl)Cl"}, "603": {"cid": "CID000082146", "db": "DB00307", "smiles": "CC1=CC2=C(C=C1C(=C)C3=CC=C(C=C3)C(=O)O)C(CCC2(C)C)(C)C"}}